<clockskin>
    <drawable>
        <name>image1.png</name>
    </drawable>
    <drawable>
        <name>digital1.xml</name>
        <arraytype>14</arraytype>
        <centerX>-4</centerX>
        <centerY>26</centerY>
    </drawable>
    <drawable>
        <name>digital2.xml</name>
        <arraytype>6</arraytype>
        <centerX>-824</centerX>
        <centerY>174</centerY>
    </drawable>
    <drawable>
        <name>digital2.xml</name>
        <arraytype>6</arraytype>
        <centerX>-423</centerX>
        <centerY>174</centerY>
    </drawable>
    <drawable>
        <name>digital2.xml</name>
        <arraytype>6</arraytype>
        <centerX>14</centerX>
        <centerY>174</centerY>
    </drawable>
    <drawable>
        <name>digital2.xml</name>
        <arraytype>6</arraytype>
        <centerX>452</centerX>
        <centerY>174</centerY>
    </drawable>
    <drawable>
        <name>digital2.xml</name>
        <arraytype>6</arraytype>
        <centerX>853</centerX>
        <centerY>174</centerY>
    </drawable>
    <drawable>
        <name>digital3.xml</name>
        <arraytype>6</arraytype>
        <centerX>164</centerX>
        <centerY>-16</centerY>
    </drawable>
    <drawable>
        <name>digital4.xml</name>
        <arraytype>6</arraytype>
        <centerX>8</centerX>
        <centerY>-170</centerY>
    </drawable>
    <drawable>
        <name>digital5.xml</name>
        <arraytype>6</arraytype>
        <centerX>14</centerX>
        <centerY>-109</centerY>
    </drawable>
    <drawable>
        <name>digital6.xml</name>
        <arraytype>3</arraytype>
        <centerX>-84</centerX>
        <centerY>102</centerY>
    </drawable>
    <drawable>
        <name>digital7.xml</name>
        <arraytype>4</arraytype>
        <centerX>-95</centerX>
        <centerY>129</centerY>
    </drawable>
    <drawable>
        <name>digital8.xml</name>
        <arraytype>9</arraytype>
        <centerX>-117</centerX>
        <centerY>-135</centerY>
    </drawable>
    <drawable>
        <name>digital9.xml</name>
        <arraytype>6</arraytype>
        <centerX>-151</centerX>
        <centerY>16</centerY>
    </drawable>
    <drawable>
        <name>digital10.xml</name>
        <arraytype>6</arraytype>
        <centerX>-153</centerX>
        <centerY>25</centerY>
    </drawable>
    <drawable>
        <name>digital11.xml</name>
        <arraytype>6</arraytype>
        <centerX>-116</centerX>
        <centerY>-39</centerY>
    </drawable>
    <drawable>
        <name>digital12.xml</name>
        <arraytype>9</arraytype>
        <centerX>14</centerX>
        <centerY>141</centerY>
    </drawable>
    <drawable>
        <name>digital13.xml</name>
        <arraytype>7</arraytype>
        <centerX>100</centerX>
        <centerY>-133</centerY>
    </drawable>
    <drawable>
        <name>digital14.xml</name>
        <arraytype>8</arraytype>
        <centerX>101</centerX>
        <centerY>-104</centerY>
    </drawable>
    <drawable>
        <name>digital15.xml</name>
        <arraytype>7</arraytype>
        <centerX>-83</centerX>
        <centerY>-102</centerY>
    </drawable>
    <drawable>
        <name>digital16.xml</name>
        <arraytype>8</arraytype>
        <centerX>-252</centerX>
        <centerY>-74</centerY>
    </drawable>
    <drawable>
        <name>digital16.xml</name>
        <arraytype>8</arraytype>
        <centerX>137</centerX>
        <centerY>-66</centerY>
    </drawable>
    <drawable>
        <name>digital17.xml</name>
        <arraytype>6</arraytype>
        <centerX>73</centerX>
        <centerY>-32</centerY>
    </drawable>
    <drawable>
        <rotate>3</rotate>
        <direction>2</direction>
        <mulrotate>0</mulrotate>
        <centerX>13</centerX>
        <centerY>24</centerY>
        <name>image2.png</name>
    </drawable>
    <drawable>
        <name>digital18.xml</name>
        <arraytype>6</arraytype>
        <centerX>-930</centerX>
        <centerY>-12</centerY>
    </drawable>
    <drawable>
        <name>digital18.xml</name>
        <arraytype>6</arraytype>
        <centerX>-517</centerX>
        <centerY>-12</centerY>
    </drawable>
    <drawable>
        <name>digital18.xml</name>
        <arraytype>6</arraytype>
        <centerX>-104</centerX>
        <centerY>-12</centerY>
    </drawable>
    <drawable>
        <name>digital18.xml</name>
        <arraytype>6</arraytype>
        <centerX>309</centerX>
        <centerY>-12</centerY>
    </drawable>
    <drawable>
        <name>digital18.xml</name>
        <arraytype>6</arraytype>
        <centerX>722</centerX>
        <centerY>-12</centerY>
    </drawable>
    <drawable>
        <name>digital19.xml</name>
        <arraytype>6</arraytype>
        <centerX>-935</centerX>
        <centerY>22</centerY>
    </drawable>
    <drawable>
        <name>digital19.xml</name>
        <arraytype>6</arraytype>
        <centerX>-522</centerX>
        <centerY>22</centerY>
    </drawable>
    <drawable>
        <name>digital19.xml</name>
        <arraytype>6</arraytype>
        <centerX>-109</centerX>
        <centerY>22</centerY>
    </drawable>
    <drawable>
        <name>digital19.xml</name>
        <arraytype>6</arraytype>
        <centerX>304</centerX>
        <centerY>22</centerY>
    </drawable>
    <drawable>
        <name>digital19.xml</name>
        <arraytype>6</arraytype>
        <centerX>717</centerX>
        <centerY>22</centerY>
    </drawable>
    <drawable>
        <name>digital20.xml</name>
        <arraytype>6</arraytype>
        <centerX>-902</centerX>
        <centerY>24</centerY>
    </drawable>
    <drawable>
        <name>digital20.xml</name>
        <arraytype>6</arraytype>
        <centerX>-489</centerX>
        <centerY>24</centerY>
    </drawable>
    <drawable>
        <name>digital20.xml</name>
        <arraytype>6</arraytype>
        <centerX>-76</centerX>
        <centerY>25</centerY>
    </drawable>
    <drawable>
        <name>digital20.xml</name>
        <arraytype>6</arraytype>
        <centerX>337</centerX>
        <centerY>25</centerY>
    </drawable>
    <drawable>
        <name>digital20.xml</name>
        <arraytype>6</arraytype>
        <centerX>750</centerX>
        <centerY>25</centerY>
    </drawable>
</clockskin>
