<clockskin>
    <drawable>
        <name>image1.png</name>
    </drawable>
    <drawable>
        <rotate>1</rotate>
        <direction>1</direction>
        <mulrotate>1</mulrotate>
        <centerX>128</centerX>
        <centerY>0</centerY>
        <name>image2.png</name>
    </drawable>
    <drawable>
        <rotate>2</rotate>
        <direction>1</direction>
        <mulrotate>1</mulrotate>
        <centerX>128</centerX>
        <centerY>0</centerY>
        <name>image3.png</name>
    </drawable>
    <drawable>
        <rotate>3</rotate>
        <direction>1</direction>
        <mulrotate>1</mulrotate>
        <centerX>128</centerX>
        <centerY>0</centerY>
        <name>image4.png</name>
    </drawable>
    <drawable>
        <name>digital1.xml</name>
        <arraytype>14</arraytype>
        <centerX>24</centerX>
        <centerY>-87</centerY>
    </drawable>
    <drawable>
        <name>digital2.xml</name>
        <arraytype>12</arraytype>
        <centerX>-86</centerX>
        <centerY>-92</centerY>
    </drawable>
    <drawable>
        <name>digital3.xml</name>
        <arraytype>13</arraytype>
        <centerX>18</centerX>
        <centerY>98</centerY>
    </drawable>
    <drawable>
        <name>digital4.xml</name>
        <arraytype>11</arraytype>
        <centerX>15</centerX>
        <centerY>160</centerY>
    </drawable>
    <drawable>
        <name>digital5.xml</name>
        <arraytype>5</arraytype>
        <centerX>-136</centerX>
        <centerY>32</centerY>
    </drawable>
    <drawable>
        <name>digital6.xml</name>
        <arraytype>4</arraytype>
        <centerX>-72</centerX>
        <centerY>30</centerY>
    </drawable>
    <drawable>
        <name>digital7.xml</name>
        <arraytype>3</arraytype>
        <centerX>-35</centerX>
        <centerY>30</centerY>
    </drawable>
    <drawable>
        <name>digital8.xml</name>
        <arraytype>6</arraytype>
        <centerX>29</centerX>
        <centerY>32</centerY>
    </drawable>
    <drawable>
        <name>digital9.xml</name>
        <arraytype>6</arraytype>
        <centerX>-76</centerX>
        <centerY>-23</centerY>
    </drawable>
    <drawable>
        <name>digital10.xml</name>
        <arraytype>10</arraytype>
        <centerX>-33</centerX>
        <centerY>160</centerY>
    </drawable>
    <drawable>
        <name>digital11.xml</name>
        <arraytype>54</arraytype>
        <centerX>-124</centerX>
        <centerY>81</centerY>
    </drawable>
    <drawable>
        <name>digital12.xml</name>
        <arraytype>60</arraytype>
        <centerX>124</centerX>
        <centerY>-91</centerY>
    </drawable>
    <drawable>
        <name>digital13.xml</name>
        <arraytype>19</arraytype>
        <centerX>112</centerX>
        <centerY>97</centerY>
    </drawable>
</clockskin>
<!-- Created on WatchFace Designer 0.14.2 beta -->
<!-- Exported for Android 7.1+ Stock ClockSkin Engine -->
