<?xml version="1.0" encoding="utf-8"?>
<drawables>
     <image>digital8_0.png</image>
     <image>digital8_0.png</image>
     <image>digital8_0.png</image>
     <image>digital8_0.png</image>
     <image>digital8_0.png</image>
     <image>digital8_0.png</image>
     <image>digital8_0.png</image>
     <image>digital8_0.png</image>
     <image>digital8_0.png</image>
     <image>digital8_0.png</image>
     <image>digital8_10.png</image>
     <image>digital8_11.png</image>
     <image>digital8_12.png</image>
</drawables>
