<clockskin>
    <drawable>
        <name>image1.png</name>
    </drawable>
    <drawable>
        <rotate>3</rotate>
        <mulrotate>1</mulrotate>
        <name>image2.png</name>
    </drawable>
    <drawable>
        <name>digital1.xml</name>
        <arraytype>6</arraytype>
    </drawable>
    <drawable>
        <name>digital2.xml</name>
        <arraytype>16</arraytype>
        <centerX>-72</centerX>
        <centerY>-61</centerY>
    </drawable>
    <drawable>
        <name>digital3.xml</name>
        <arraytype>2</arraytype>
        <centerX>74</centerX>
        <centerY>-61</centerY>
    </drawable>
    <drawable>
        <name>digital4.xml</name>
        <arraytype>5</arraytype>
        <centerX>0</centerX>
        <centerY>60</centerY>
    </drawable>
    <drawable>
        <name>image3.png</name>
    </drawable>
    <drawable>
        <name>digital5.xml</name>
        <arraytype>14</arraytype>
        <centerX>17</centerX>
        <centerY>97</centerY>
    </drawable>
    <drawable>
        <name>digital6.xml</name>
        <arraytype>6</arraytype>
        <centerX>-30</centerX>
        <centerY>135</centerY>
    </drawable>
    <drawable>
        <rotate>3</rotate>
        <mulrotate>1</mulrotate>
        <centerX>0</centerX>
        <centerY>-122</centerY>
        <name>image4.png</name>
    </drawable>
</clockskin>
