<clockskin>
    <drawable>
        <name>image1.png</name>
    </drawable>
    <drawable>
        <name>digital1.xml</name>
        <arraytype>6</arraytype>
        <centerX>0</centerX>
        <centerY>-137</centerY>
    </drawable>
    <drawable>
        <name>digital2.xml</name>
        <arraytype>2</arraytype>
        <centerX>0</centerX>
        <centerY>-98</centerY>
    </drawable>
    <drawable>
        <name>digital3.xml</name>
        <arraytype>14</arraytype>
        <centerX>-32</centerX>
        <centerY>-53</centerY>
    </drawable>
    <drawable>
        <name>image2.png</name>
    </drawable>
</clockskin>
