<clockskin>
    <drawable>
        <name>image1.png</name>
    </drawable>
    <drawable>
        <name>digital1.xml</name>
        <arraytype>7</arraytype>
        <centerX>-311</centerX>
        <centerY>-119</centerY>
    </drawable>
    <drawable>
        <name>digital1.xml</name>
        <arraytype>7</arraytype>
        <centerX>76</centerX>
        <centerY>-106</centerY>
    </drawable>
    <drawable>
        <name>digital2.xml</name>
        <arraytype>3</arraytype>
        <centerX>-121</centerX>
        <centerY>121</centerY>
    </drawable>
    <drawable>
        <name>digital3.xml</name>
        <arraytype>4</arraytype>
        <centerX>-74</centerX>
        <centerY>116</centerY>
    </drawable>
    <drawable>
        <name>digital3.xml</name>
        <arraytype>4</arraytype>
        <centerX>313</centerX>
        <centerY>129</centerY>
    </drawable>
    <drawable>
        <name>digital4.xml</name>
        <arraytype>8</arraytype>
        <centerX>-75</centerX>
        <centerY>-105</centerY>
    </drawable>
    <drawable>
        <name>digital4.xml</name>
        <arraytype>8</arraytype>
        <centerX>313</centerX>
        <centerY>-117</centerY>
    </drawable>
</clockskin>
