<clockskin>
    <drawable>
        <name>image1.png</name>
    </drawable>
    <drawable>
        <rotate>2</rotate>
        <mulrotate>-2</mulrotate>
        <name>image2.png</name>
    </drawable>
    <drawable>
        <name>image3.png</name>
    </drawable>
    <drawable>
        <rotate>1</rotate>
        <mulrotate>-2</mulrotate>
        <name>image4.png</name>
    </drawable>
    <drawable>
        <name>image5.png</name>
    </drawable>
    <drawable>
        <name>digital1.xml</name>
        <arraytype>4</arraytype>
        <centerX>1</centerX>
        <centerY>115</centerY>
    </drawable>
    <drawable>
        <name>digital2.xml</name>
        <arraytype>5</arraytype>
        <centerX>90</centerX>
        <centerY>116</centerY>
    </drawable>
    <drawable>
        <name>image6.png</name>
    </drawable>
    <drawable>
        <name>digital3.xml</name>
        <arraytype>14</arraytype>
        <centerX>-400</centerX>
        <centerY>0</centerY>
    </drawable>
    <drawable>
        <name>digital4.xml</name>
        <arraytype>14</arraytype>
    </drawable>
    <drawable>
        <name>digital5.xml</name>
        <arraytype>14</arraytype>
        <centerX>400</centerX>
        <centerY>0</centerY>
    </drawable>
    <drawable>
        <rotate>6</rotate>
        <mulrotate>-1</mulrotate>
        <name>image7.png</name>
    </drawable>
    <drawable>
        <arraytype>99</arraytype>
        <centerX>-158</centerX>
        <centerY>47</centerY>
    </drawable>
    <drawable>
        <name>image8.png</name>
    </drawable>
</clockskin>
