<clockskin>
    <drawable>
        <name>image1.png</name>
    </drawable>
    <drawable>
        <rotate>6</rotate>
        <direction>2</direction>
        <mulrotate>-1</mulrotate>
        <name>image2.png</name>
    </drawable>
    <drawable>
        <name>image3.png</name>
    </drawable>
    <drawable>
        <name>digital1.xml</name>
        <arraytype>6</arraytype>
        <centerX>0</centerX>
        <centerY>-95</centerY>
    </drawable>
    <drawable>
        <name>digital2.xml</name>
        <arraytype>6</arraytype>
        <centerX>0</centerX>
        <centerY>-95</centerY>
    </drawable>
    <drawable>
        <name>digital3.xml</name>
        <arraytype>5</arraytype>
        <centerX>116</centerX>
        <centerY>-52</centerY>
    </drawable>
    <drawable>
        <name>digital4.xml</name>
        <arraytype>5</arraytype>
        <centerX>116</centerX>
        <centerY>-52</centerY>
    </drawable>
    <drawable>
        <name>digital5.xml</name>
        <arraytype>3</arraytype>
        <centerX>-112</centerX>
        <centerY>-52</centerY>
    </drawable>
    <drawable>
        <name>digital6.xml</name>
        <arraytype>3</arraytype>
        <centerX>-112</centerX>
        <centerY>-52</centerY>
    </drawable>
    <drawable>
        <name>digital7.xml</name>
        <arraytype>4</arraytype>
        <centerX>-112</centerX>
        <centerY>-17</centerY>
    </drawable>
    <drawable>
        <name>digital8.xml</name>
        <arraytype>4</arraytype>
        <centerX>-112</centerX>
        <centerY>-17</centerY>
    </drawable>
    <drawable>
        <name>digital9.xml</name>
        <arraytype>4</arraytype>
        <centerX>-112</centerX>
        <centerY>-17</centerY>
    </drawable>
    <drawable>
        <name>digital10.xml</name>
        <arraytype>14</arraytype>
        <centerX>116</centerX>
        <centerY>-17</centerY>
    </drawable>
    <drawable>
        <name>digital11.xml</name>
        <arraytype>14</arraytype>
        <centerX>116</centerX>
        <centerY>-17</centerY>
    </drawable>
    <drawable>
        <name>digital12.xml</name>
        <arraytype>14</arraytype>
        <centerX>116</centerX>
        <centerY>-17</centerY>
    </drawable>
    <drawable>
        <name>digital13.xml</name>
        <arraytype>5</arraytype>
        <centerX>-112</centerX>
        <centerY>-113</centerY>
    </drawable>
    <drawable>
        <name>digital14.xml</name>
        <arraytype>5</arraytype>
        <centerX>-66</centerX>
        <centerY>-131</centerY>
    </drawable>
    <drawable>
        <name>digital15.xml</name>
        <arraytype>5</arraytype>
        <centerX>-1</centerX>
        <centerY>-140</centerY>
    </drawable>
    <drawable>
        <name>digital16.xml</name>
        <arraytype>5</arraytype>
        <centerX>66</centerX>
        <centerY>-132</centerY>
    </drawable>
    <drawable>
        <name>digital17.xml</name>
        <arraytype>5</arraytype>
        <centerX>114</centerX>
        <centerY>-114</centerY>
    </drawable>
    <drawable>
        <name>digital18.xml</name>
        <arraytype>5</arraytype>
        <centerX>161</centerX>
        <centerY>-83</centerY>
    </drawable>
    <drawable>
        <name>digital19.xml</name>
        <arraytype>5</arraytype>
        <centerX>-159</centerX>
        <centerY>-83</centerY>
    </drawable>
    <drawable>
        <name>digital20.xml</name>
        <arraytype>5</arraytype>
        <centerX>-157</centerX>
        <centerY>-23</centerY>
    </drawable>
    <drawable>
        <name>digital21.xml</name>
        <arraytype>5</arraytype>
        <centerX>160</centerX>
        <centerY>-22</centerY>
    </drawable>
</clockskin>
