<clockskin>
    <drawable>
        <name>image1.png</name>
    </drawable>
    <drawable>
        <name>digital1.xml</name>
        <arraytype>7</arraytype>
        <centerX>-102</centerX>
        <centerY>2</centerY>
    </drawable>
    <drawable>
        <name>digital2.xml</name>
        <arraytype>8</arraytype>
        <centerX>105</centerX>
        <centerY>2</centerY>
    </drawable>
    <drawable>
        <name>digital3.xml</name>
        <arraytype>14</arraytype>
        <centerX>-28</centerX>
        <centerY>144</centerY>
    </drawable>
    <drawable>
        <name>image2.png</name>
    </drawable>
    <drawable>
        <name>digital4.xml</name>
        <arraytype>5</arraytype>
        <centerX>2</centerX>
        <centerY>84</centerY>
    </drawable>
</clockskin>
