<?xml version="1.0" encoding="utf-8"?>
<drawables>
     <image>digital13_0.png</image>
     <image>digital13_0.png</image>
     <image>digital13_0.png</image>
     <image>digital13_0.png</image>
     <image>digital13_0.png</image>
     <image>digital13_0.png</image>
     <image>digital13_0.png</image>
     <image>digital13_0.png</image>
     <image>digital13_0.png</image>
     <image>digital13_0.png</image>
     <image>digital13_10.png</image>
     <image>digital13_11.png</image>
     <image>digital13_12.png</image>
</drawables>
