<clockskin>
    <drawable>
        <name>image1.png</name>
    </drawable>
    <drawable>
        <name>animated_image_1.xml</name>
        <arraytype>62</arraytype>
        <centerX>0</centerX>
        <centerY>-33</centerY>
    </drawable>
    <drawable>
        <name>animated_image_1_bf.xml</name>
        <arraytype>62</arraytype>
    </drawable>
    <drawable>
        <name>animated_image_2.xml</name>
        <arraytype>62</arraytype>
    </drawable>
    <drawable>
        <name>animated_image_2_bf.xml</name>
        <arraytype>62</arraytype>
    </drawable>
    <drawable>
        <name>image2.png</name>
    </drawable>
    <drawable>
        <name>digital1.xml</name>
        <arraytype>6</arraytype>
        <centerX>0</centerX>
        <centerY>-115</centerY>
    </drawable>
    <drawable>
        <name>digital2.xml</name>
        <arraytype>2</arraytype>
        <centerX>0</centerX>
        <centerY>150</centerY>
    </drawable>
    <drawable>
        <name>digital3.xml</name>
        <arraytype>5</arraytype>
        <centerX>0</centerX>
        <centerY>130</centerY>
    </drawable>
    <drawable>
        <name>image3.png</name>
    </drawable>
    <drawable>
        <name>digital4.xml</name>
        <arraytype>14</arraytype>
        <centerX>-124</centerX>
        <centerY>0</centerY>
    </drawable>
</clockskin>
<!-- Created on WatchFace Designer 0.14.2 beta -->
<!-- Exported for Android 7.1+ Stock ClockSkin Engine -->
