<?xml version="1.0" encoding="utf-8"?>
<clockskin>
	<drawable>
		<name>image13.png</name>
	</drawable>
	<drawable>
		<name>zahl.xml</name>
		<arraytype>7</arraytype>
		<centerX>-200</centerX>
	</drawable>
	<drawable>
		<name>filter.xml</name>
		<arraytype>7</arraytype>
		<centerX>200</centerX>
	</drawable>
	<drawable>
		<name>digital2.xml</name>
		<arraytype>6</arraytype>
	</drawable>
	<drawable>
		<name>digital1.xml</name>
		<arraytype>8</arraytype>
		<centerX>143</centerX>
		<centerY>2</centerY>
	</drawable>
	<drawable>
		<name>digital3.xml</name>
		<arraytype>8</arraytype>
		<centerX>-113</centerX>
		<centerY>-47</centerY>
	</drawable>
	<drawable>
		<name>digital4.xml</name>
		<arraytype>8</arraytype>
		<centerX>108</centerX>
		<centerY>-47</centerY>
	</drawable>
	<drawable>
		<name>digital5.xml</name>
		<arraytype>8</arraytype>
		<centerX>-155</centerX>
		<centerY>2</centerY>
	</drawable>
	<drawable>
		<name>digital6.xml</name>
		<arraytype>8</arraytype>
		<centerX>-113</centerX>
		<centerY>51</centerY>
	</drawable>
	<drawable>
		<name>digital7.xml</name>
		<arraytype>8</arraytype>
		<centerX>107</centerX>
		<centerY>51</centerY>
	</drawable>
	<drawable>
		<name>image14.png</name>
	</drawable>
	<drawable>
		<name>digital8.xml</name>
		<arraytype>5</arraytype>
		<centerY>121</centerY>
	</drawable>
	<drawable>
		<name>digital9.xml</name>
		<arraytype>4</arraytype>
		<centerY>91</centerY>
	</drawable>
	<drawable>
		<name>digital10.xml</name>
		<arraytype>3</arraytype>
		<centerY>62</centerY>
	</drawable>
	<drawable>
		<name>digital11.xml</name>
		<arraytype>19</arraytype>
		<centerY>174</centerY>
	</drawable>
	<drawable>
		<name>digital12.xml</name>
		<arraytype>14</arraytype>
		<centerX>-15</centerX>
		<centerY>-172</centerY>
	</drawable>
	<drawable>
		<name>digital13.xml</name>
		<arraytype>10</arraytype>
		<centerY>153</centerY>
	</drawable>
	<drawable>
		<name>image15.png</name>
	</drawable>
<!--COMMENTED BY ClockSkinMaker
<metadata gui='rra' version='1.4.0.0'/>
-->
</clockskin>