<?xml version="1.0" encoding="utf-8"?>
<drawables>
     <image>02_09.png</image>
     <image>02_10.png</image>
     <image>02_11.png</image>
     <image>02_12.png</image>
     <image>02_13.png</image>
     <image>02_14.png</image>
     <image>02_15.png</image>
     <image>02_16.png</image>
     <image>02_17.png</image>
     <image>02_18.png</image>
     <image>02_19.png</image>
     <image>02_20.png</image>
     <image>02_21.png</image>
     <image>02_22.png</image>
     <image>02_23.png</image>
     <image>02_24.png</image>
     <image>02_25.png</image>
     <image>02_26.png</image>
     <image>02_27.png</image>
     <image>02_28.png</image>
     <image>02_29.png</image>
     <image>03_01.png</image>
     <image>03_02.png</image>
     <image>03_03.png</image>
     <image>03_04.png</image>
     <image>03_05.png</image>
     <image>03_06.png</image>
     <image>03_07.png</image>
     <image>03_08.png</image>
     <image>03_09.png</image>
     <image>03_10.png</image>
     <image>03_11.png</image>
     <image>03_12.png</image>
     <image>03_13.png</image>
     <image>03_14.png</image>
     <image>03_15.png</image>
     <image>03_16.png</image>
     <image>03_17.png</image>
     <image>03_18.png</image>
     <image>03_19.png</image>
     <image>03_20.png</image>
     <image>03_21.png</image>
     <image>03_22.png</image>
     <image>03_23.png</image>
     <image>03_24.png</image>
     <image>03_25.png</image>
     <image>03_26.png</image>
     <image>03_27.png</image>
     <image>03_28.png</image>
     <image>03_29.png</image>
     <image>03_30.png</image>
     <image>03_31.png</image>
     <image>04_01.png</image>
     <image>04_02.png</image>
     <image>04_03.png</image>
     <image>04_04.png</image>
     <image>04_05.png</image>
     <image>04_06.png</image>
     <image>04_07.png</image>
     <image>04_08.png</image>
     <image>04_09.png</image>
     <image>04_10.png</image>
     <image>04_11.png</image>
     <image>04_12.png</image>
     <image>04_13.png</image>
     <image>04_14.png</image>
     <image>04_15.png</image>
     <image>04_16.png</image>
     <image>04_17.png</image>
     <image>04_18.png</image>
     <image>04_19.png</image>
     <image>04_20.png</image>
     <image>04_21.png</image>
     <image>04_22.png</image>
     <image>04_23.png</image>
     <image>04_24.png</image>
     <image>04_25.png</image>
     <image>04_26.png</image>
     <image>04_27.png</image>
     <image>04_28.png</image>
     <image>04_29.png</image>
     <image>04_30.png</image>
     <image>05_01.png</image>
     <image>05_02.png</image>
     <image>05_03.png</image>
     <image>05_04.png</image>
     <image>05_05.png</image>
     <image>05_06.png</image>
     <image>05_07.png</image>
     <image>05_08.png</image>
     <image>05_09.png</image>
     <image>05_10.png</image>
     <image>05_11.png</image>
     <image>05_12.png</image>
     <image>05_13.png</image>
     <image>05_14.png</image>
     <image>05_15.png</image>
     <image>05_16.png</image>
     <image>05_17.png</image>
     <image>05_18.png</image>
     <image>05_19.png</image>
     <image>05_20.png</image>
     <image>05_21.png</image>
     <image>05_22.png</image>
     <image>05_23.png</image>
     <image>05_24.png</image>
     <image>05_25.png</image>
     <image>05_26.png</image>
     <image>05_27.png</image>
     <image>05_28.png</image>
     <image>05_29.png</image>
     <image>05_30.png</image>
     <image>05_31.png</image>
     <image>06_01.png</image>
     <image>06_02.png</image>
     <image>06_03.png</image>
     <image>06_04.png</image>
     <image>06_05.png</image>
     <image>06_06.png</image>
     <image>06_07.png</image>
     <image>06_08.png</image>
     <image>06_09.png</image>
     <image>06_10.png</image>
     <image>06_11.png</image>
     <image>06_12.png</image>
     <image>06_13.png</image>
     <image>06_14.png</image>
     <image>06_15.png</image>
     <image>06_16.png</image>
     <image>06_17.png</image>
     <image>06_18.png</image>
     <image>06_19.png</image>
     <image>06_20.png</image>
     <image>06_21.png</image>
     <image>06_22.png</image>
     <image>06_23.png</image>
     <image>06_24.png</image>
     <image>06_25.png</image>
     <image>06_26.png</image>
     <image>06_27.png</image>
     <image>06_28.png</image>
     <image>06_29.png</image>
     <image>06_30.png</image>
     <image>07_01.png</image>
     <image>07_02.png</image>
     <image>07_03.png</image>
     <image>07_04.png</image>
     <image>07_05.png</image>
     <image>07_06.png</image>
     <image>07_07.png</image>
     <image>07_08.png</image>
     <image>07_09.png</image>
     <image>07_10.png</image>
     <image>07_11.png</image>
     <image>07_12.png</image>
     <image>07_13.png</image>
     <image>07_14.png</image>
     <image>07_15.png</image>
     <image>07_16.png</image>
     <image>07_17.png</image>
     <image>07_18.png</image>
     <image>07_19.png</image>
     <image>07_20.png</image>
     <image>07_21.png</image>
     <image>07_22.png</image>
     <image>07_23.png</image>
     <image>07_24.png</image>
     <image>07_25.png</image>
     <image>07_26.png</image>
     <image>07_27.png</image>
     <image>07_28.png</image>
     <image>07_29.png</image>
     <image>07_30.png</image>
     <image>07_31.png</image>
     <image>08_01.png</image>
     <image>08_02.png</image>
     <image>08_03.png</image>
     <image>08_04.png</image>
     <image>08_05.png</image>
     <image>08_06.png</image>
     <image>08_07.png</image>
     <image>08_08.png</image>
     <image>08_09.png</image>
     <image>08_10.png</image>
     <image>08_11.png</image>
     <image>08_12.png</image>
     <image>08_13.png</image>
     <image>08_14.png</image>
     <image>08_15.png</image>
     <image>08_16.png</image>
     <image>08_17.png</image>
     <image>08_18.png</image>
     <image>08_19.png</image>
     <image>08_20.png</image>
     <image>08_21.png</image>
     <image>08_22.png</image>
     <image>08_23.png</image>
     <image>08_24.png</image>
     <image>08_25.png</image>
     <image>08_26.png</image>
     <image>08_27.png</image>
     <image>08_28.png</image>
     <image>08_29.png</image>
     <image>08_30.png</image>
     <image>08_31.png</image>
     <image>09_01.png</image>
     <image>09_02.png</image>
     <image>09_03.png</image>
     <image>09_04.png</image>
     <image>09_05.png</image>
     <image>09_06.png</image>
     <image>09_07.png</image>
     <image>09_08.png</image>
     <image>09_09.png</image>
     <image>09_10.png</image>
     <image>09_11.png</image>
     <image>09_12.png</image>
     <image>09_13.png</image>
     <image>09_14.png</image>
     <image>09_15.png</image>
     <image>09_16.png</image>
     <image>09_17.png</image>
     <image>09_18.png</image>
     <image>09_19.png</image>
     <image>09_20.png</image>
     <image>09_21.png</image>
     <image>09_22.png</image>
     <image>09_23.png</image>
     <image>09_24.png</image>
     <image>09_25.png</image>
     <image>09_26.png</image>
     <image>09_27.png</image>
     <image>09_28.png</image>
     <image>09_29.png</image>
     <image>09_30.png</image>
     <image>10_01.png</image>
     <image>10_02.png</image>
     <image>10_03.png</image>
     <image>10_04.png</image>
     <image>10_05.png</image>
     <image>10_06.png</image>
     <image>10_07.png</image>
     <image>10_08.png</image>
     <image>10_09.png</image>
     <image>10_10.png</image>
     <image>10_11.png</image>
     <image>10_12.png</image>
     <image>10_13.png</image>
     <image>10_14.png</image>
     <image>10_15.png</image>
     <image>10_16.png</image>
     <image>10_17.png</image>
     <image>10_18.png</image>
     <image>10_19.png</image>
     <image>10_20.png</image>
     <image>10_21.png</image>
     <image>10_22.png</image>
     <image>10_23.png</image>
     <image>10_24.png</image>
     <image>10_25.png</image>
     <image>10_26.png</image>
     <image>10_27.png</image>
     <image>10_28.png</image>
     <image>10_29.png</image>
     <image>10_30.png</image>
     <image>10_31.png</image>
     <image>11_01.png</image>
     <image>11_02.png</image>
     <image>11_03.png</image>
     <image>11_04.png</image>
     <image>11_05.png</image>
     <image>11_06.png</image>
     <image>11_07.png</image>
     <image>11_08.png</image>
     <image>11_09.png</image>
     <image>11_10.png</image>
     <image>11_11.png</image>
     <image>11_12.png</image>
     <image>11_13.png</image>
     <image>11_14.png</image>
     <image>11_15.png</image>
     <image>11_16.png</image>
     <image>11_17.png</image>
     <image>11_18.png</image>
     <image>11_19.png</image>
     <image>11_20.png</image>
     <image>11_21.png</image>
     <image>11_22.png</image>
     <image>11_23.png</image>
     <image>11_24.png</image>
     <image>11_25.png</image>
     <image>11_26.png</image>
     <image>11_27.png</image>
     <image>11_28.png</image>
     <image>11_29.png</image>
     <image>11_30.png</image>
     <image>12_01.png</image>
     <image>12_02.png</image>
     <image>12_03.png</image>
     <image>12_04.png</image>
     <image>12_05.png</image>
     <image>12_06.png</image>
     <image>12_07.png</image>
     <image>12_08.png</image>
     <image>12_09.png</image>
     <image>12_10.png</image>
     <image>12_11.png</image>
     <image>12_12.png</image>
     <image>12_13.png</image>
     <image>12_14.png</image>
     <image>12_15.png</image>
     <image>12_16.png</image>
     <image>12_17.png</image>
     <image>12_18.png</image>
     <image>12_19.png</image>
     <image>12_20.png</image>
     <image>12_21.png</image>
     <image>12_22.png</image>
     <image>12_23.png</image>
     <image>12_24.png</image>
     <image>12_25.png</image>
     <image>12_26.png</image>
     <image>12_27.png</image>
     <image>12_28.png</image>
     <image>12_29.png</image>
     <image>12_30.png</image>
     <image>12_31.png</image>
     <image>01_01.png</image>
     <image>01_02.png</image>
     <image>01_03.png</image>
     <image>01_04.png</image>
     <image>01_05.png</image>
     <image>01_06.png</image>
     <image>01_07.png</image>
     <image>01_08.png</image>
     <image>01_09.png</image>
     <image>01_10.png</image>
     <image>01_11.png</image>
     <image>01_12.png</image>
     <image>01_13.png</image>
     <image>01_14.png</image>
     <image>01_15.png</image>
     <image>01_16.png</image>
     <image>01_17.png</image>
     <image>01_18.png</image>
     <image>01_19.png</image>
     <image>01_20.png</image>
     <image>01_21.png</image>
     <image>01_22.png</image>
     <image>01_23.png</image>
     <image>01_24.png</image>
     <image>01_25.png</image>
     <image>01_26.png</image>
     <image>01_27.png</image>
     <image>01_28.png</image>
     <image>01_29.png</image>
     <image>01_30.png</image>
     <image>01_31.png</image>
     <image>02_01.png</image>
     <image>02_02.png</image>
     <image>02_03.png</image>
     <image>02_04.png</image>
     <image>02_05.png</image>
     <image>02_06.png</image>
     <image>02_07.png</image>
     <image>02_08.png</image>
</drawables>
