<clockskin>
    <drawable>
        <name>image1.png</name>
    </drawable>
    <drawable>
        <name>digital1.xml</name>
        <arraytype>9</arraytype>
        <centerX>-200</centerX>
        <centerY>0</centerY>
    </drawable>
    <drawable>
        <name>digital2.xml</name>
        <arraytype>9</arraytype>
        <centerX>200</centerX>
        <centerY>0</centerY>
    </drawable>
    <drawable>
        <name>digital3.xml</name>
        <arraytype>14</arraytype>
        <centerX>-400</centerX>
        <centerY>0</centerY>
    </drawable>
    <drawable>
        <name>digital4.xml</name>
        <arraytype>14</arraytype>
    </drawable>
    <drawable>
        <name>digital5.xml</name>
        <arraytype>14</arraytype>
        <centerX>400</centerX>
        <centerY>0</centerY>
    </drawable>
    <drawable>
        <name>digital6.xml</name>
        <arraytype>8</arraytype>
        <centerX>-200</centerX>
        <centerY>0</centerY>
    </drawable>
    <drawable>
        <name>digital7.xml</name>
        <arraytype>8</arraytype>
        <centerX>200</centerX>
        <centerY>0</centerY>
    </drawable>
    <drawable>
        <name>digital8.xml</name>
        <arraytype>7</arraytype>
        <centerX>-200</centerX>
        <centerY>0</centerY>
    </drawable>
    <drawable>
        <name>digital9.xml</name>
        <arraytype>7</arraytype>
        <centerX>200</centerX>
        <centerY>0</centerY>
    </drawable>
    <drawable>
        <name>digital10.xml</name>
        <arraytype>7</arraytype>
        <centerX>-200</centerX>
        <centerY>0</centerY>
    </drawable>
    <drawable>
        <name>digital11.xml</name>
        <arraytype>7</arraytype>
        <centerX>200</centerX>
        <centerY>0</centerY>
    </drawable>
    <drawable>
        <name>image2.png</name>
    </drawable>
</clockskin>
