<?xml version="1.0" encoding="utf-8"?>
<drawables>
	<image>array_second_num_0.png</image>
	<image>array_second_num_1.png</image>
	<image>array_second_num_2.png</image>
	<image>array_second_num_3.png</image>
	<image>array_second_num_4.png</image>
	<image>array_second_num_5.png</image>
	<image>array_second_num_6.png</image>
	<image>array_second_num_7.png</image>
	<image>array_second_num_8.png</image>
	<image>array_second_num_9.png</image>
	<image>array_second_num_colon.png</image>
<!--COMMENTED BY ClockSkinMaker
<metadata gui='rra' version='2.0.0.2' type='array_second' autoscale='1' font='Core Sans D 27 Cn Light' fontstyle='Regular' fontsize='52.68596'>
<content forecolor='FF0000'>0</content>
<content forecolor='FF0000'>1</content>
<content forecolor='FF0000'>2</content>
<content forecolor='FF0000'>3</content>
<content forecolor='FF0000'>4</content>
<content forecolor='FF0000'>5</content>
<content forecolor='FF0000'>6</content>
<content forecolor='FF0000'>7</content>
<content forecolor='FF0000'>8</content>
<content forecolor='FF0000'>9</content>
<content>:</content>
</metadata>
-->
</drawables>