<?xml version="1.0" encoding="utf-8"?>
<drawables>
	<image>array_temprature_num_0.png</image>
	<image>array_temprature_num_1.png</image>
	<image>array_temprature_num_2.png</image>
	<image>array_temprature_num_3.png</image>
	<image>array_temprature_num_4.png</image>
	<image>array_temprature_num_5.png</image>
	<image>array_temprature_num_6.png</image>
	<image>array_temprature_num_7.png</image>
	<image>array_temprature_num_8.png</image>
	<image>array_temprature_num_9.png</image>
	<image>array_temprature_num_minus.png</image>
	<image>array_temprature_num_degree.png</image>
<!--COMMENTED BY ClockSkinMaker
<metadata gui='rra' version='2.0.0.2' type='array_temprature' autoscale='1' font='Core Sans D 27 Cn Light' fontstyle='Regular' fontsize='11.19403'>
<content forecolor='000000'>0</content>
<content forecolor='000000'>1</content>
<content forecolor='000000'>2</content>
<content forecolor='000000'>3</content>
<content forecolor='000000'>4</content>
<content forecolor='000000'>5</content>
<content forecolor='000000'>6</content>
<content forecolor='000000'>7</content>
<content forecolor='000000'>8</content>
<content forecolor='000000'>9</content>
<content forecolor='000000'>-</content>
<content forecolor='000000'>°</content>
</metadata>
-->
</drawables>