<clockskin>
    <drawable>
        <name>image1.png</name>
    </drawable>
    <drawable>
        <name>image2.png</name>
        <rotate>7</rotate>
        <mulrotate>1</mulrotate>
        <centerX>3</centerX>
        <centerY>100</centerY>
    </drawable>
    <drawable>
        <name>image3.png</name>
        <rotate>7</rotate>
        <mulrotate>1</mulrotate>
        <centerX>0</centerX>
        <centerY>97</centerY>
    </drawable>
    <drawable>
        <name>image4.png</name>
    </drawable>
    <drawable>
        <name>image5.png</name>
        <rotate>3</rotate>
        <mulrotate>1</mulrotate>
        <centerX>5</centerX>
        <centerY>102</centerY>
    </drawable>
    <drawable>
        <name>image6.png</name>
        <rotate>3</rotate>
        <mulrotate>1</mulrotate>
        <centerX>0</centerX>
        <centerY>97</centerY>
    </drawable>
    <drawable>
        <name>image7.png</name>
    </drawable>
    <drawable>
        <name>image8.png</name>
        <rotate>6</rotate>
        <mulrotate>1</mulrotate>
        <centerX>3</centerX>
        <centerY>-109</centerY>
    </drawable>
    <drawable>
        <name>image9.png</name>
        <rotate>6</rotate>
        <mulrotate>1</mulrotate>
        <centerX>0</centerX>
        <centerY>-112</centerY>
    </drawable>
    <drawable>
        <name>image10.png</name>
    </drawable>
    <drawable>
        <name>image11.png</name>
        <rotate>1</rotate>
        <mulrotate>1</mulrotate>
        <centerX>6</centerX>
        <centerY>6</centerY>
    </drawable>
    <drawable>
        <name>image12.png</name>
        <rotate>1</rotate>
        <mulrotate>1</mulrotate>
    </drawable>
    <drawable>
        <name>image13.png</name>
    </drawable>
    <drawable>
        <name>image14.png</name>
        <rotate>2</rotate>
        <mulrotate>1</mulrotate>
        <centerX>8</centerX>
        <centerY>8</centerY>
    </drawable>
    <drawable>
        <name>image15.png</name>
        <rotate>2</rotate>
        <mulrotate>1</mulrotate>
    </drawable>
    <drawable>
        <name>image16.png</name>
    </drawable>
</clockskin>
