<clockskin>
    <drawable>
        <name>image1.png</name>
    </drawable>
    <drawable>
        <rotate>10</rotate>
        <mulrotate>1</mulrotate>
        <name>image2.png</name>
    </drawable>
    <drawable>
        <name>digital1.xml</name>
        <arraytype>5</arraytype>
        <centerX>-123</centerX>
        <centerY>-82</centerY>
    </drawable>
    <drawable>
        <name>digital2.xml</name>
        <arraytype>5</arraytype>
        <centerX>-123</centerX>
        <centerY>-49</centerY>
    </drawable>
    <drawable>
        <name>digital3.xml</name>
        <arraytype>5</arraytype>
        <centerX>-123</centerX>
        <centerY>-20</centerY>
    </drawable>
    <drawable>
        <name>digital4.xml</name>
        <arraytype>5</arraytype>
        <centerX>-123</centerX>
        <centerY>10</centerY>
    </drawable>
    <drawable>
        <name>digital5.xml</name>
        <arraytype>5</arraytype>
        <centerX>-123</centerX>
        <centerY>40</centerY>
    </drawable>
    <drawable>
        <name>digital6.xml</name>
        <arraytype>5</arraytype>
        <centerX>-123</centerX>
        <centerY>71</centerY>
    </drawable>
    <drawable>
        <name>digital7.xml</name>
        <arraytype>5</arraytype>
        <centerX>-123</centerX>
        <centerY>101</centerY>
    </drawable>
    <drawable>
        <name>image3.png</name>
    </drawable>
    <drawable>
        <name>digital8.xml</name>
        <arraytype>14</arraytype>
        <centerX>-200</centerX>
        <centerY>0</centerY>
    </drawable>
    <drawable>
        <name>digital9.xml</name>
        <arraytype>14</arraytype>
        <centerX>200</centerX>
        <centerY>0</centerY>
    </drawable>
    <drawable>
        <name>digital10.xml</name>
        <arraytype>14</arraytype>
        <centerX>600</centerX>
        <centerY>0</centerY>
    </drawable>
    <drawable>
        <name>image4.png</name>
    </drawable>
    <drawable>
        <name>digital11.xml</name>
        <arraytype>14</arraytype>
        <centerX>158</centerX>
        <centerY>-1</centerY>
    </drawable>
    <drawable>
        <name>image5.png</name>
    </drawable>
    <drawable>
        <name>digital12.xml</name>
        <arraytype>6</arraytype>
        <centerX>0</centerX>
        <centerY>62</centerY>
    </drawable>
    <drawable>
        <name>digital13.xml</name>
        <arraytype>16</arraytype>
        <centerX>-15</centerX>
        <centerY>112</centerY>
    </drawable>
    <drawable>
        <name>digital14.xml</name>
        <arraytype>5</arraytype>
        <centerX>48</centerX>
        <centerY>112</centerY>
    </drawable>
    <drawable>
        <name>image6.png</name>
    </drawable>
    <drawable>
        <name>digital15.xml</name>
        <arraytype>3</arraytype>
        <centerX>124</centerX>
        <centerY>-122</centerY>
    </drawable>
    <drawable>
        <name>digital16.xml</name>
        <arraytype>3</arraytype>
        <centerX>124</centerX>
        <centerY>-103</centerY>
    </drawable>
    <drawable>
        <name>digital17.xml</name>
        <arraytype>3</arraytype>
        <centerX>124</centerX>
        <centerY>-84</centerY>
    </drawable>
    <drawable>
        <name>digital18.xml</name>
        <arraytype>3</arraytype>
        <centerX>124</centerX>
        <centerY>-64</centerY>
    </drawable>
    <drawable>
        <name>digital19.xml</name>
        <arraytype>3</arraytype>
        <centerX>124</centerX>
        <centerY>-45</centerY>
    </drawable>
    <drawable>
        <name>digital20.xml</name>
        <arraytype>3</arraytype>
        <centerX>124</centerX>
        <centerY>-27</centerY>
    </drawable>
    <drawable>
        <name>digital21.xml</name>
        <arraytype>3</arraytype>
        <centerX>124</centerX>
        <centerY>24</centerY>
    </drawable>
    <drawable>
        <name>digital22.xml</name>
        <arraytype>3</arraytype>
        <centerX>124</centerX>
        <centerY>44</centerY>
    </drawable>
    <drawable>
        <name>digital23.xml</name>
        <arraytype>3</arraytype>
        <centerX>124</centerX>
        <centerY>63</centerY>
    </drawable>
    <drawable>
        <name>digital24.xml</name>
        <arraytype>3</arraytype>
        <centerX>124</centerX>
        <centerY>83</centerY>
    </drawable>
    <drawable>
        <name>digital25.xml</name>
        <arraytype>3</arraytype>
        <centerX>124</centerX>
        <centerY>102</centerY>
    </drawable>
    <drawable>
        <name>digital26.xml</name>
        <arraytype>3</arraytype>
        <centerX>124</centerX>
        <centerY>123</centerY>
    </drawable>
    <drawable>
        <name>image7.png</name>
    </drawable>
    <drawable>
        <name>digital27.xml</name>
        <arraytype>3</arraytype>
        <centerX>-49</centerX>
        <centerY>-76</centerY>
    </drawable>
    <drawable>
        <name>digital28.xml</name>
        <arraytype>9</arraytype>
        <centerX>51</centerX>
        <centerY>-31</centerY>
    </drawable>
    <drawable>
        <name>digital29.xml</name>
        <arraytype>5</arraytype>
        <centerX>-47</centerX>
        <centerY>-31</centerY>
    </drawable>
    <drawable>
        <name>digital30.xml</name>
        <arraytype>4</arraytype>
        <centerX>51</centerX>
        <centerY>-76</centerY>
    </drawable>
    <drawable>
        <name>digital31.xml</name>
        <arraytype>6</arraytype>
        <centerX>0</centerX>
        <centerY>60</centerY>
    </drawable>
</clockskin>
