<?xml version="1.0" encoding="utf-8"?>
<drawables>
     <image>digital27_0.png</image>
     <image>digital27_1.png</image>
     <image>digital27_2.png</image>
     <image>digital27_3.png</image>
     <image>digital27_4.png</image>
     <image>digital27_5.png</image>
     <image>digital27_6.png</image>
     <image>digital27_7.png</image>
     <image>digital27_8.png</image>
     <image>digital27_9.png</image>
     <image>digital27_10.png</image>
     <image>digital27_11.png</image>
</drawables>
