<?xml version="1.0" encoding="utf-8"?>
<drawables>
     <image>digital2_0.png</image>
     <image>digital2_0.png</image>
     <image>digital2_0.png</image>
     <image>digital2_0.png</image>
     <image>digital2_0.png</image>
     <image>digital2_0.png</image>
     <image>digital2_0.png</image>
     <image>digital2_0.png</image>
     <image>digital15_0.png</image>
     <image>digital2_0.png</image>
     <image>digital2_0.png</image>
     <image>digital2_0.png</image>
</drawables>
