<clockskin>
    <drawable>
        <rotate>4</rotate>
        <direction>2</direction>
        <mulrotate>1</mulrotate>
        <centerX>0</centerX>
        <centerY>-82</centerY>
        <name>image1.png</name>
    </drawable>
    <drawable>
        <name>image2.png</name>
    </drawable>
    <drawable>
        <rotate>20</rotate>
        <mulrotate>-2</mulrotate>
        <centerX>1</centerX>
        <centerY>-83</centerY>
        <name>image3.png</name>
    </drawable>
    <drawable>
        <name>image4.png</name>
    </drawable>
    <drawable>
        <rotate>5</rotate>
        <mulrotate>1</mulrotate>
        <centerX>-115</centerX>
        <centerY>-8</centerY>
        <name>image5.png</name>
    </drawable>
    <drawable>
        <rotate>1</rotate>
        <mulrotate>1</mulrotate>
        <centerX>-115</centerX>
        <centerY>-8</centerY>
        <name>image6.png</name>
    </drawable>
    <drawable>
        <rotate>2</rotate>
        <mulrotate>1</mulrotate>
        <centerX>-115</centerX>
        <centerY>-8</centerY>
        <name>image7.png</name>
    </drawable>
    <drawable>
        <rotate>4</rotate>
        <direction>2</direction>
        <mulrotate>-2</mulrotate>
        <centerX>114</centerX>
        <centerY>-10</centerY>
        <name>image8.png</name>
    </drawable>
    <drawable>
        <name>image9.png</name>
    </drawable>
    <drawable>
        <rotate>4</rotate>
        <mulrotate>1</mulrotate>
        <centerX>0</centerX>
        <centerY>2</centerY>
        <name>image10.png</name>
    </drawable>
</clockskin>
