<clockskin>
    <drawable>
        <name>digital1.xml</name>
        <arraytype>5</arraytype>
    </drawable>
    <drawable>
        <name>digital2.xml</name>
        <arraytype>6</arraytype>
        <centerX>-75</centerX>
        <centerY>7</centerY>
    </drawable>
    <drawable>
        <name>digital3.xml</name>
        <arraytype>9</arraytype>
        <centerX>67</centerX>
        <centerY>3</centerY>
    </drawable>
    <drawable>
        <rotate>6</rotate>
        <direction>2</direction>
        <mulrotate>-2</mulrotate>
        <centerX>-57</centerX>
        <centerY>-82</centerY>
        <name>image1.png</name>
    </drawable>
    <drawable>
        <name>digital4.xml</name>
        <arraytype>4</arraytype>
        <centerX>59</centerX>
        <centerY>92</centerY>
    </drawable>
    <drawable>
        <name>digital5.xml</name>
        <arraytype>3</arraytype>
        <centerX>115</centerX>
        <centerY>91</centerY>
    </drawable>
    <drawable>
        <name>image2.png</name>
    </drawable>
</clockskin>
