<?xml version="1.0" encoding="utf-8"?>
<clockskin>
	<drawable>
		<name>.img95.png</name>
	</drawable>
	<drawable>
		<name>.img97.png</name>
		<rotate>1</rotate>
	</drawable>
	<drawable>
		<name>.img98.png</name>
		<rotate>2</rotate>
	</drawable>
	<drawable>
		<name>month.xml</name>
		<arraytype>3</arraytype>
		<centerX>126</centerX>
		<centerY>3</centerY>
	</drawable>
	<drawable>
		<name>day.xml</name>
		<arraytype>4</arraytype>
		<centerX>75</centerX>
		<centerY>3</centerY>
	</drawable>
<!--COMMENTED BY ClockSkinMaker
<metadata gui='rra' version='1.4.8.0'/>
-->
</clockskin>