<?xml version="1.0" encoding="utf-8"?>
<drawables>
	<image>month_jan.png</image>
	<image>month_feb.png</image>
	<image>month_mar.png</image>
	<image>month_apr.png</image>
	<image>month_may.png</image>
	<image>month_jun.png</image>
	<image>month_jul.png</image>
	<image>month_aug.png</image>
	<image>month_sep.png</image>
	<image>month_oct.png</image>
	<image>month_nov.png</image>
	<image>month_dec.png</image>
<!--COMMENTED BY ClockSkinMaker
<metadata gui='rra' version='1.4.8.0' type='array_month' autoscale='1' font='Gill Sans MT Condensed' fontstyle='Bold' fontsize='19,93188'>
<content>01</content>
<content>02</content>
<content>03</content>
<content>04</content>
<content>05</content>
<content>06</content>
<content>07</content>
<content>08</content>
<content>09</content>
<content>10</content>
<content>11</content>
<content>12</content>
</metadata>
-->
</drawables>