<?xml version="1.0" encoding="utf-8"?>
<clockskin>
	<drawable>
		<name>WACH.png</name>
	</drawable>
	<drawable>
		<name>digital14.xml</name>
		<arraytype>61</arraytype>
		<centerX>74</centerX>
		<centerY>34</centerY>
	</drawable>
	<drawable>
		<name>dan.xml</name>
		<arraytype>4</arraytype>
		<centerX>54</centerX>
		<centerY>1</centerY>
	</drawable>
	<drawable>
		<name>hr.png</name>
		<rotate>1</rotate>
		<centerX>-34</centerX>
		<centerY>2</centerY>
	</drawable>
	<drawable>
		<name>min.png</name>
		<rotate>2</rotate>
		<centerX>-34</centerX>
		<centerY>2</centerY>
	</drawable>
	<drawable>
		<name>image8.png</name>
		<rotate>3</rotate>
		<centerX>-34</centerX>
		<centerY>2</centerY>
	</drawable>
<!--COMMENTED BY ClockSkinMaker
<metadata gui='rra' version='2.0.0.2'/>
-->
</clockskin>