<?xml version="1.0" encoding="utf-8"?>
<clockskin>
  <drawable>
    <name>h.png</name>
    <rotate>1</rotate>
    <direction>1</direction>
    <mulrotate>1</mulrotate>
  </drawable>
<drawable>
    <name>min.png</name>
    <rotate>2</rotate>
    <direction>1</direction>
    <mulrotate>1</mulrotate>
  </drawable>
<drawable>
    <name>s.png</name>
    <rotate>3</rotate>
    <direction>1</direction>
    <mulrotate>1</mulrotate>
  </drawable>
  <drawable>
    <name>kv.png</name>
  </drawable>  

</clockskin>