<clockskin>
    <drawable>
        <name>image1.png</name>
    </drawable>
    <drawable>
        <name>digital1.xml</name>
        <arraytype>5</arraytype>
        <centerX>-80</centerX>
        <centerY>-80</centerY>
    </drawable>
    <drawable>
        <name>digital2.xml</name>
        <arraytype>3</arraytype>
        <centerX>76</centerX>
        <centerY>78</centerY>
    </drawable>
    <drawable>
        <name>digital3.xml</name>
        <arraytype>2</arraytype>
        <centerX>-691</centerX>
        <centerY>-107</centerY>
    </drawable>
    <drawable>
        <name>digital3.xml</name>
        <arraytype>2</arraytype>
        <centerX>-307</centerX>
        <centerY>-91</centerY>
    </drawable>
    <drawable>
        <name>digital3.xml</name>
        <arraytype>2</arraytype>
        <centerX>79</centerX>
        <centerY>-77</centerY>
    </drawable>
    <drawable>
        <name>digital3.xml</name>
        <arraytype>2</arraytype>
        <centerX>466</centerX>
        <centerY>-64</centerY>
    </drawable>
    <drawable>
        <name>digital3.xml</name>
        <arraytype>2</arraytype>
        <centerX>850</centerX>
        <centerY>-48</centerY>
    </drawable>
    <drawable>
        <name>digital4.xml</name>
        <arraytype>14</arraytype>
        <centerX>-856</centerX>
        <centerY>58</centerY>
    </drawable>
    <drawable>
        <name>digital4.xml</name>
        <arraytype>14</arraytype>
        <centerX>-477</centerX>
        <centerY>78</centerY>
    </drawable>
    <drawable>
        <name>digital4.xml</name>
        <arraytype>14</arraytype>
        <centerX>-94</centerX>
        <centerY>95</centerY>
    </drawable>
    <drawable>
        <name>digital4.xml</name>
        <arraytype>14</arraytype>
        <centerX>290</centerX>
        <centerY>111</centerY>
    </drawable>
    <drawable>
        <rotate>3</rotate>
        <mulrotate>1</mulrotate>
        <name>image2.png</name>
    </drawable>
    <drawable>
        <name>image3.png</name>
    </drawable>
    <drawable>
        <rotate>1</rotate>
        <mulrotate>1</mulrotate>
        <name>image4.png</name>
    </drawable>
    <drawable>
        <rotate>1</rotate>
        <mulrotate>1</mulrotate>
        <name>image5.png</name>
    </drawable>
    <drawable>
        <rotate>1</rotate>
        <mulrotate>1</mulrotate>
        <name>image6.png</name>
    </drawable>
    <drawable>
        <rotate>2</rotate>
        <mulrotate>1</mulrotate>
        <name>image7.png</name>
    </drawable>
    <drawable>
        <rotate>2</rotate>
        <mulrotate>1</mulrotate>
        <name>image8.png</name>
    </drawable>
    <drawable>
        <rotate>2</rotate>
        <mulrotate>1</mulrotate>
        <name>image6.png</name>
    </drawable>
    <drawable>
        <name>image10.png</name>
    </drawable>
</clockskin>
