<clockskin>
    <drawable>
        <name>image1.png</name>
    </drawable>
    <drawable>
        <name>digital1.xml</name>
        <arraytype>2</arraytype>
        <centerX>-95</centerX>
        <centerY>55</centerY>
    </drawable>
    <drawable>
        <name>digital2.xml</name>
        <arraytype>16</arraytype>
        <centerX>101</centerX>
        <centerY>55</centerY>
    </drawable>
    <drawable>
        <name>digital3.xml</name>
        <arraytype>3</arraytype>
        <centerX>0</centerX>
        <centerY>161</centerY>
    </drawable>
    <drawable>
        <name>digital4.xml</name>
        <arraytype>3</arraytype>
        <centerX>0</centerX>
        <centerY>-167</centerY>
    </drawable>
    <drawable>
        <name>digital5.xml</name>
        <arraytype>3</arraytype>
        <centerX>-93</centerX>
        <centerY>-54</centerY>
    </drawable>
    <drawable>
        <name>digital6.xml</name>
        <arraytype>3</arraytype>
        <centerX>78</centerX>
        <centerY>-54</centerY>
    </drawable>
    <drawable>
        <name>image2.png</name>
    </drawable>
    <drawable>
        <rotate>3</rotate>
        <mulrotate>1</mulrotate>
        <centerX>-3</centerX>
        <centerY>91</centerY>
        <name>image3.png</name>
    </drawable>
    <drawable>
        <rotate>1</rotate>
        <mulrotate>1</mulrotate>
        <centerX>-73</centerX>
        <centerY>0</centerY>
        <name>image4.png</name>
    </drawable>
    <drawable>
        <rotate>2</rotate>
        <mulrotate>1</mulrotate>
        <centerX>73</centerX>
        <centerY>0</centerY>
        <name>image5.png</name>
    </drawable>
    <drawable>
        <rotate>6</rotate>
        <mulrotate>2</mulrotate>
        <centerX>0</centerX>
        <centerY>-92</centerY>
        <name>image3.png</name>
    </drawable>
    <drawable>
        <name>image7.png</name>
    </drawable>
</clockskin>
