<clockskin>
    <drawable>
        <name>image1.png</name>
    </drawable>
    <drawable>
        <name>digital1.xml</name>
        <arraytype>2</arraytype>
        <centerX>0</centerX>
        <centerY>-116</centerY>
    </drawable>
    <drawable>
        <name>image2.png</name>
    </drawable>
    <drawable>
        <name>digital2.xml</name>
        <arraytype>19</arraytype>
        <centerX>88</centerX>
        <centerY>0</centerY>
    </drawable>
    <drawable>
        <name>digital3.xml</name>
        <arraytype>19</arraytype>
        <centerX>-87</centerX>
        <centerY>0</centerY>
    </drawable>
    <drawable>
        <name>digital4.xml</name>
        <arraytype>19</arraytype>
        <centerX>-57</centerX>
        <centerY>-56</centerY>
    </drawable>
    <drawable>
        <name>digital5.xml</name>
        <arraytype>19</arraytype>
        <centerX>0</centerX>
        <centerY>-84</centerY>
    </drawable>
    <drawable>
        <name>digital6.xml</name>
        <arraytype>19</arraytype>
        <centerX>57</centerX>
        <centerY>-56</centerY>
    </drawable>
    <drawable>
        <name>digital7.xml</name>
        <arraytype>19</arraytype>
        <centerX>0</centerX>
        <centerY>82</centerY>
    </drawable>
    <drawable>
        <name>digital8.xml</name>
        <arraytype>19</arraytype>
        <centerX>58</centerX>
        <centerY>58</centerY>
    </drawable>
    <drawable>
        <name>digital9.xml</name>
        <arraytype>19</arraytype>
        <centerX>-60</centerX>
        <centerY>58</centerY>
    </drawable>
    <drawable>
        <rotate>6</rotate>
        <direction>2</direction>
        <mulrotate>1</mulrotate>
        <name>image3.png</name>
    </drawable>
    <drawable>
        <rotate>6</rotate>
        <mulrotate>1</mulrotate>
        <name>image4.png</name>
    </drawable>
    <drawable>
        <rotate>2</rotate>
        <mulrotate>1</mulrotate>
        <name>image5.png</name>
    </drawable>
    <drawable>
        <rotate>1</rotate>
        <mulrotate>1</mulrotate>
        <name>image6.png</name>
    </drawable>
    <drawable>
        <rotate>3</rotate>
        <mulrotate>1</mulrotate>
        <centerX>0</centerX>
        <centerY>-2</centerY>
        <name>image7.png</name>
    </drawable>
    <drawable>
        <name>image8.png</name>
    </drawable>
</clockskin>
