<?xml version="1.0" encoding="utf-8"?>
<drawables>
	<image>M-0.png</image>
	<image>M-1.png</image>
	<image>M-2.png</image>
	<image>M-3.png</image>
	<image>M-4.png</image>
	<image>M-5.png</image>
	<image>M-6.png</image>
	<image>M-7.png</image>
	<image>M-8.png</image>
	<image>M-9.png</image>
	<image>M-blank.png</image>
<!--COMMENTED BY ClockSkinMaker
<metadata gui='rra' version='1.4.0.0' type='array_hour' autoscale='1' font='Encore NorScript Cased Oblique' fontstyle='Regular' fontsize='16,22718'>
<content>0</content>
<content>1</content>
<content>2</content>
<content>3</content>
<content>4</content>
<content>5</content>
<content>6</content>
<content>7</content>
<content>8</content>
<content>9</content>
<content>:</content>
</metadata>
-->
</drawables>