<clockskin>
    <drawable>
        <name>image1.png</name>
    </drawable>
    <drawable>
        <rotate>6</rotate>
        <direction>2</direction>
        <mulrotate>2</mulrotate>
        <movement>1</movement>
        <name>image2.png</name>
    </drawable>
    <drawable>
        <name>image3.png</name>
    </drawable>
    <drawable>
        <rotate>7</rotate>
        <mulrotate>1</mulrotate>
        <movement>1</movement>
        <name>image4.png</name>
    </drawable>
    <drawable>
        <name>image5.png</name>
    </drawable>
    <drawable>
        <name>digital1.xml</name>
        <arraytype>7</arraytype>
        <centerX>72</centerX>
        <centerY>0</centerY>
    </drawable>
    <drawable>
        <name>digital2.xml</name>
        <arraytype>8</arraytype>
        <centerX>128</centerX>
        <centerY>0</centerY>
    </drawable>
    <drawable>
        <name>digital3.xml</name>
        <arraytype>4</arraytype>
        <centerX>-68</centerX>
        <centerY>45</centerY>
    </drawable>
    <drawable>
        <name>digital3.xml</name>
        <arraytype>4</arraytype>
        <centerX>314</centerX>
        <centerY>37</centerY>
    </drawable>
    <drawable>
        <name>digital4.xml</name>
        <arraytype>3</arraytype>
        <centerX>124</centerX>
        <centerY>-39</centerY>
    </drawable>
    <drawable>
        <name>image6.png</name>
    </drawable>
</clockskin>
