<clockskin>
    <drawable>
        <name>image1.png</name>
    </drawable>
    <drawable>
        <name>digital1.xml</name>
        <arraytype>3</arraytype>
        <centerX>-146</centerX>
        <centerY>-18</centerY>
    </drawable>
    <drawable>
        <name>digital2.xml</name>
        <arraytype>4</arraytype>
        <centerX>146</centerX>
        <centerY>-18</centerY>
    </drawable>
    <drawable>
        <rotate>12</rotate>
        <direction>1</direction>
        <mulrotate>1</mulrotate>
        <centerX>-84</centerX>
        <centerY>86</centerY>
        <name>image2.png</name>
    </drawable>
    <drawable>
        <rotate>3</rotate>
        <direction>1</direction>
        <mulrotate>1</mulrotate>
        <centerX>-73</centerX>
        <centerY>-99</centerY>
        <name>image3.png</name>
    </drawable>
    <drawable>
        <rotate>3</rotate>
        <direction>2</direction>
        <mulrotate>1</mulrotate>
        <centerX>74</centerX>
        <centerY>-99</centerY>
        <name>image3.png</name>
    </drawable>
    <drawable>
        <rotate>5</rotate>
        <direction>1</direction>
        <mulrotate>1</mulrotate>
        <centerX>88</centerX>
        <centerY>86</centerY>
        <name>image5.png</name>
    </drawable>
    <drawable>
        <rotate>1</rotate>
        <direction>1</direction>
        <mulrotate>1</mulrotate>
        <name>image6.png</name>
    </drawable>
    <drawable>
        <rotate>2</rotate>
        <direction>1</direction>
        <mulrotate>1</mulrotate>
        <name>image7.png</name>
    </drawable>
</clockskin>
<!-- Created on WatchFace Designer 0.14.2 beta -->
<!-- Exported for Android 7.1+ Stock ClockSkin Engine -->
