<clockskin>
    <drawable>
        <name>image1.png</name>
    </drawable>
    <drawable>
        <rotate>3</rotate>
        <mulrotate>10</mulrotate>
        <name>image2.png</name>
    </drawable>
    <drawable>
        <name>image3.png</name>
    </drawable>
    <drawable>
        <rotate>3</rotate>
        <mulrotate>2</mulrotate>
        <name>image4.png</name>
    </drawable>
    <drawable>
        <rotate>3</rotate>
        <direction>2</direction>
        <mulrotate>1</mulrotate>
        <centerX>1</centerX>
        <centerY>0</centerY>
        <name>image5.png</name>
    </drawable>
    <drawable>
        <name>image6.png</name>
    </drawable>
    <drawable>
        <name>digital1.xml</name>
        <arraytype>6</arraytype>
        <centerX>3</centerX>
        <centerY>-162</centerY>
    </drawable>
    <drawable>
        <name>digital2.xml</name>
        <arraytype>14</arraytype>
        <centerX>-178</centerX>
        <centerY>2</centerY>
    </drawable>
    <drawable>
        <name>digital3.xml</name>
        <arraytype>5</arraytype>
        <centerX>0</centerX>
        <centerY>122</centerY>
    </drawable>
    <drawable>
        <name>digital4.xml</name>
        <arraytype>2</arraytype>
        <centerX>0</centerX>
        <centerY>168</centerY>
    </drawable>
    <drawable>
        <name>image7.png</name>
    </drawable>
    <drawable>
        <name>digital5.xml</name>
        <arraytype>9</arraytype>
        <centerX>105</centerX>
        <centerY>102</centerY>
    </drawable>
    <drawable>
        <name>image8.png</name>
    </drawable>
    <drawable>
        <name>digital6.xml</name>
        <arraytype>6</arraytype>
        <centerX>148</centerX>
        <centerY>99</centerY>
    </drawable>
    <drawable>
        <name>digital7.xml</name>
        <arraytype>6</arraytype>
        <centerX>180</centerX>
        <centerY>38</centerY>
    </drawable>
    <drawable>
        <name>digital8.xml</name>
        <arraytype>6</arraytype>
        <centerX>104</centerX>
        <centerY>100</centerY>
    </drawable>
    <drawable>
        <name>digital9.xml</name>
        <arraytype>6</arraytype>
        <centerX>-174</centerX>
        <centerY>-1</centerY>
    </drawable>
    <drawable>
        <name>digital10.xml</name>
        <arraytype>9</arraytype>
        <centerX>-174</centerX>
        <centerY>37</centerY>
    </drawable>
    <drawable>
        <name>digital11.xml</name>
        <arraytype>6</arraytype>
        <centerX>11</centerX>
        <centerY>-126</centerY>
    </drawable>
    <drawable>
        <name>digital12.xml</name>
        <arraytype>6</arraytype>
        <centerX>-99</centerX>
        <centerY>83</centerY>
    </drawable>
    <drawable>
        <name>digital13.xml</name>
        <arraytype>9</arraytype>
        <centerX>-57</centerX>
        <centerY>104</centerY>
    </drawable>
    <drawable>
        <rotate>3</rotate>
        <mulrotate>10</mulrotate>
        <centerX>105</centerX>
        <centerY>-106</centerY>
        <name>image9.png</name>
    </drawable>
    <drawable>
        <name>image10.png</name>
    </drawable>
    <drawable>
        <name>digital14.xml</name>
        <arraytype>6</arraytype>
        <centerX>-162</centerX>
        <centerY>-77</centerY>
    </drawable>
    <drawable>
        <name>digital15.xml</name>
        <arraytype>6</arraytype>
        <centerX>158</centerX>
        <centerY>-45</centerY>
    </drawable>
    <drawable>
        <name>digital16.xml</name>
        <arraytype>6</arraytype>
        <centerX>152</centerX>
        <centerY>-45</centerY>
    </drawable>
    <drawable>
        <name>digital17.xml</name>
        <arraytype>6</arraytype>
        <centerX>166</centerX>
        <centerY>-45</centerY>
    </drawable>
    <drawable>
        <name>digital18.xml</name>
        <arraytype>6</arraytype>
        <centerX>175</centerX>
        <centerY>-45</centerY>
    </drawable>
    <drawable>
        <name>digital19.xml</name>
        <arraytype>6</arraytype>
        <centerX>182</centerX>
        <centerY>-45</centerY>
    </drawable>
    <drawable>
        <name>digital20.xml</name>
        <arraytype>6</arraytype>
        <centerX>166</centerX>
        <centerY>39</centerY>
    </drawable>
    <drawable>
        <name>image11.png</name>
    </drawable>
    <drawable>
        <name>digital21.xml</name>
        <arraytype>6</arraytype>
        <centerX>-105</centerX>
        <centerY>-164</centerY>
    </drawable>
    <drawable>
        <name>image12.png</name>
    </drawable>
    <drawable>
        <name>digital22.xml</name>
        <arraytype>9</arraytype>
        <centerX>60</centerX>
        <centerY>109</centerY>
    </drawable>
    <drawable>
        <name>digital23.xml</name>
        <arraytype>6</arraytype>
        <centerX>166</centerX>
        <centerY>7</centerY>
    </drawable>
    <drawable>
        <name>digital24.xml</name>
        <arraytype>6</arraytype>
        <centerX>137</centerX>
        <centerY>-68</centerY>
    </drawable>
    <drawable>
        <rotate>3</rotate>
        <mulrotate>5</mulrotate>
        <name>image13.png</name>
    </drawable>
    <drawable>
        <name>image14.png</name>
    </drawable>
</clockskin>
