<?xml version="1.0" encoding="utf-8"?>
<clockskin>
	<drawable>
		<name>VALLHALA2.png</name>
	</drawable>  
        <drawable>
        <rotate>13</rotate>
        <rotatemode>8</rotatemode>
        <startAngle>0</startAngle>
        <angle>355</angle>
        <direction>1</direction>
        <mulrotate>-2</mulrotate>
        <centerX>0</centerX>
        <centerY>0</centerY>
        <name>image1.png</name>
    </drawable>
     <drawable>
		<name>image2.png</name>
	</drawable>
      <drawable>
        <rotate>13</rotate>
        <rotatemode>3</rotatemode>
        <startAngle>0</startAngle>
        <angle>215</angle>
        <direction>2</direction>
        <mulrotate>-2</mulrotate>
        <centerX>0</centerX>
        <centerY>0</centerY>
        <name>image3.png</name>
    </drawable>
	<drawable>
		<name>VALLHALA1.png</name>
	</drawable>  
        <drawable>
		<name>OUT.xml</name>
		<arraytype>80</arraytype>        
	</drawable>
        <drawable>
		<name>image4.png</name>
	</drawable>
        <drawable>
		<name>day.xml</name>
		<arraytype>4</arraytype>
		<centerX>137</centerX>
	</drawable>  
        <drawable>
		<name>stp.xml</name>
		<arraytype>12</arraytype>
		<centerY>117</centerY>
	</drawable>
	<drawable>
		<name>mes.xml</name>
		<arraytype>3</arraytype>
		<centerX>92</centerX>
		<centerY>1</centerY>
	</drawable> 
        <drawable>
		<name>image5.png</name>
	</drawable>
	<drawable>
		<name>Kazalec1.png</name>
		<rotate>1</rotate>
	</drawable>
	<drawable>
		<name>Kazalec2.png</name>
		<rotate>2</rotate>
	</drawable>
        <drawable>
		<name>digital1.xml</name>
		<arraytype>61</arraytype>
	</drawable>
         <drawable>
        <arraytype>100</arraytype>
        <centerX>-87</centerX>
        <centerY>74</centerY>
        <range>40</range>
        <cls>com.wiite.wiite_heartrate.MainActivity</cls>
        <pkg>com.wiite.wiite_heartrate</pkg>
    </drawable>  
     <drawable>
        <arraytype>100</arraytype>
        <centerX>-56</centerX>
        <centerY>97</centerY>
        <range>90</range>
        <cls>com.android.watchweather.MainNewActivity</cls>
        <pkg>com.android.watchweather</pkg>
    </drawable>
    <drawable>
        <arraytype>100</arraytype>
        <centerX>56</centerX>
        <centerY>96</centerY>
        <range>30</range>
        <cls>com.google.android.maps.MapsActivity</cls>
        <pkg>com.google.android.apps.maps</pkg>
    </drawable>  
    <drawable>
	<arraytype>100</arraytype>
	<centerX>88</centerX>
	<centerY>77</centerY>
	<range>20</range>
	<cls>com.android.settings.Settings$PowerUsageSummaryActivity</cls>
	<pkg>com.android.settings</pkg>
    </drawable> 
<!--COMMENTED BY ClockSkinMaker
<metadata gui='rra' version='2.0.0.2'/>
-->
</clockskin>