<?xml version="1.0" encoding="utf-8"?>
<drawables>
     <image>digital1_0.png</image>
     <image>digital1_0.png</image>
     <image>digital1_0.png</image>
     <image>digital1_0.png</image>
     <image>digital1_0.png</image>
     <image>digital1_0.png</image>
     <image>digital1_0.png</image>
     <image>digital1_0.png</image>
     <image>digital1_0.png</image>
     <image>digital1_9.png</image>
     <image>digital1_10.png</image>
     <image>digital1_11.png</image>
</drawables>
