<clockskin>
    <drawable>
        <name>image1.png</name>
    </drawable>
    <drawable>
        <rotate>2</rotate>
        <mulrotate>-3</mulrotate>
        <centerX>-45</centerX>
        <centerY>0</centerY>
        <name>image2.png</name>
    </drawable>
    <drawable>
        <name>animated_image_1.xml</name>
        <framerate>0.00027777777778</framerate>
        <centerX>-45</centerX>
        <centerY>0</centerY>
        <rotate>2</rotate>
        <mulrotate>-3</mulrotate>
    </drawable>
    <drawable>
        <name>image3.png</name>
    </drawable>
</clockskin>
