<?xml version="1.0" encoding="utf-8"?>
<clockskin>
	<drawable>
		<name>scheibe2.png</name>
		<rotate>3</rotate>
		<mulrotate>10</mulrotate>
	</drawable>
	<drawable>
		<name>sterne.neu.png</name>
	</drawable>
	<drawable>
		<name>stunde.png</name>
		<rotate>1</rotate>
		<centerX>-37</centerX>
		<centerY>-80</centerY>
	</drawable>
	<drawable>
		<name>minute.png</name>
		<rotate>2</rotate>
		<centerX>-36</centerX>
		<centerY>-80</centerY>
	</drawable>
<!--COMMENTED BY ClockSkinMaker
<metadata gui='rra' version='1.4.0.0'/>
-->
</clockskin>