<clockskin>
    <drawable>
        <name>image1.png</name>
    </drawable>
    <drawable>
        <name>digital1.xml</name>
        <arraytype>7</arraytype>
        <centerX>59</centerX>
        <centerY>-15</centerY>
    </drawable>
    <drawable>
        <name>digital2.xml</name>
        <arraytype>8</arraytype>
        <centerX>46</centerX>
        <centerY>16</centerY>
    </drawable>
    <drawable>
        <name>digital3.xml</name>
        <arraytype>5</arraytype>
        <centerX>43</centerX>
        <centerY>43</centerY>
    </drawable>
    <drawable>
        <name>digital4.xml</name>
        <arraytype>9</arraytype>
        <centerX>94</centerX>
        <centerY>19</centerY>
    </drawable>
    <drawable>
        <name>digital5.xml</name>
        <arraytype>1</arraytype>
        <centerX>24</centerX>
        <centerY>68</centerY>
    </drawable>
    <drawable>
        <name>digital6.xml</name>
        <arraytype>14</arraytype>
        <centerX>10</centerX>
        <centerY>137</centerY>
    </drawable>
    <drawable>
        <name>digital7.xml</name>
        <arraytype>12</arraytype>
        <centerX>-61</centerX>
        <centerY>-42</centerY>
    </drawable>
    <drawable>
        <name>digital8.xml</name>
        <arraytype>60</arraytype>
        <centerX>-62</centerX>
        <centerY>3</centerY>
    </drawable>
    <drawable>
        <name>digital9.xml</name>
        <arraytype>54</arraytype>
        <centerX>-81</centerX>
        <centerY>50</centerY>
    </drawable>
    <drawable>
        <name>digital10.xml</name>
        <arraytype>10</arraytype>
        <centerX>-27</centerX>
        <centerY>-95</centerY>
    </drawable>
    <drawable>
        <name>digital11.xml</name>
        <arraytype>11</arraytype>
        <centerX>14</centerX>
        <centerY>-90</centerY>
    </drawable>
    <drawable>
        <name>digital12.xml</name>
        <arraytype>13</arraytype>
        <centerX>19</centerX>
        <centerY>101</centerY>
    </drawable>
    <drawable>
        <name>digital13.xml</name>
        <arraytype>61</arraytype>
        <centerX>-21</centerX>
        <centerY>136</centerY>
    </drawable>
    <drawable>
        <rotate>2</rotate>
        <direction>1</direction>
        <mulrotate>1</mulrotate>
        <name>image2.png</name>
    </drawable>
    <drawable>
        <rotate>1</rotate>
        <direction>1</direction>
        <mulrotate>1</mulrotate>
        <name>image3.png</name>
    </drawable>
    <drawable>
        <rotate>3</rotate>
        <direction>1</direction>
        <mulrotate>1</mulrotate>
        <name>image4.png</name>
    </drawable>
    <drawable>
        <name>image5.png</name>
    </drawable>
    <drawable>
        <arraytype>100</arraytype>
        <centerX>1</centerX>
        <centerY>-176</centerY>
        <range>23</range>
        <cls>com.android.alarmclock.AlarmClock</cls>
        <pkg>com.wiite.wear.dy.clock</pkg>
    </drawable>
    <drawable>
        <arraytype>100</arraytype>
        <centerX>54</centerX>
        <centerY>-169</centerY>
        <range>23</range>
        <cls>com.wiite.wiitestore.WatchFaceActivity</cls>
        <pkg>com.wiite.wiitestore</pkg>
    </drawable>
    <drawable>
        <arraytype>100</arraytype>
        <centerX>103</centerX>
        <centerY>-142</centerY>
        <range>23</range>
        <cls>com.wiite.wear.dy.recorder.activity.RecorderActivity</cls>
        <pkg>com.wiite.wear.dy.recorder</pkg>
    </drawable>
    <drawable>
        <arraytype>100</arraytype>
        <centerX>142</centerX>
        <centerY>-104</centerY>
        <range>23</range>
        <cls>com.mediatek.filemanager.FileManagerBasePagerActivity</cls>
        <pkg>com.wiite.filemanager</pkg>
    </drawable>
    <drawable>
        <arraytype>100</arraytype>
        <centerX>142</centerX>
        <centerY>-104</centerY>
        <range>23</range>
        <cls>com.mediatek.filemanager.FileManagerBasePagerActivity</cls>
        <pkg>com.wiite.filemanager</pkg>
    </drawable>
    <drawable>
        <arraytype>100</arraytype>
        <centerX>166</centerX>
        <centerY>-54</centerY>
        <range>23</range>
        <cls>com.android.music.util.MainActivity</cls>
        <pkg>com.android.music</pkg>
    </drawable>
    <drawable>
        <arraytype>100</arraytype>
        <centerX>175</centerX>
        <centerY>1</centerY>
        <range>23</range>
        <cls>com.cenon.heartrate.HeartRateMonitorActivity</cls>
        <pkg>com.cenon.heartrate</pkg>
    </drawable>
    <drawable>
        <arraytype>100</arraytype>
        <centerX>167</centerX>
        <centerY>54</centerY>
        <range>23</range>
        <cls>com.google.android.googlequicksearchbox.SearchActivity</cls>
        <pkg>com.google.android.googlequicksearchbox</pkg>
    </drawable>
    <drawable>
        <arraytype>100</arraytype>
        <centerX>142</centerX>
        <centerY>102</centerY>
        <range>23</range>
        <cls>com.android.vending.AssetBrowserActivity</cls>
        <pkg>com.android.vending</pkg>
    </drawable>
    <drawable>
        <arraytype>100</arraytype>
        <centerX>103</centerX>
        <centerY>141</centerY>
        <range>23</range>
        <cls>com.google.android.maps.MapsActivity</cls>
        <pkg>com.google.android.apps.maps</pkg>
    </drawable>
    <drawable>
        <arraytype>100</arraytype>
        <centerX>54</centerX>
        <centerY>167</centerY>
        <range>23</range>
        <cls>bp.wt.com.androidp_contacts.activity.MainContactsActivity</cls>
        <pkg>com.wiite.dbf.androidp_contacts</pkg>
    </drawable>
    <drawable>
        <arraytype>100</arraytype>
        <centerX>-1</centerX>
        <centerY>175</centerY>
        <range>23</range>
        <cls>bp.wt.com.androidp_contacts.activity.MainPhoneActivity</cls>
        <pkg>com.wiite.dbf.androidp_contacts</pkg>
    </drawable>
    <drawable>
        <arraytype>100</arraytype>
        <centerX>-55</centerX>
        <centerY>167</centerY>
        <range>23</range>
        <cls>com.wiite.dbf.wiitemms.MainActivity</cls>
        <pkg>com.wiite.dbf.wiitemms</pkg>
    </drawable>
    <drawable>
        <arraytype>100</arraytype>
        <centerX>-105</centerX>
        <centerY>142</centerY>
        <range>23</range>
        <cls>com.android.settings.Settings</cls>
        <pkg>com.android.settings</pkg>
    </drawable>
    <drawable>
        <arraytype>100</arraytype>
        <centerX>-144</centerX>
        <centerY>103</centerY>
        <range>23</range>
        <cls>com.android.gallery3d.app.GalleryActivity</cls>
        <pkg>com.android.gallery3d</pkg>
    </drawable>
    <drawable>
        <arraytype>100</arraytype>
        <centerX>-168</centerX>
        <centerY>54</centerY>
        <range>23</range>
        <cls>com.android.camera.CameraLauncher</cls>
        <pkg>com.wiite.camera</pkg>
    </drawable>
    <drawable>
        <arraytype>100</arraytype>
        <centerX>-175</centerX>
        <centerY>0</centerY>
        <range>23</range>
        <cls>com.sprots.wiiteer.fitness.module.main.ui.MainActivity</cls>
        <pkg>com.sprots.wiiteer.fitness</pkg>
    </drawable>
    <drawable>
        <arraytype>100</arraytype>
        <centerX>-167</centerX>
        <centerY>-55</centerY>
        <range>23</range>
        <cls>com.android.watchweather.WeeklyWeatherActivity</cls>
        <pkg>com.android.watchweather</pkg>
    </drawable>
    <drawable>
        <arraytype>100</arraytype>
        <centerX>-142</centerX>
        <centerY>-103</centerY>
        <range>23</range>
        <cls>com.android.browser.BrowserActivity</cls>
        <pkg>com.android.browser</pkg>
    </drawable>
    <drawable>
        <arraytype>100</arraytype>
        <centerX>-104</centerX>
        <centerY>-142</centerY>
        <range>23</range>
        <cls>com.wiite.mycalender.MainActivity</cls>
        <pkg>com.wiite.mycalender</pkg>
    </drawable>
    <drawable>
        <arraytype>100</arraytype>
        <centerX>-55</centerX>
        <centerY>-167</centerY>
        <range>23</range>
        <cls>com.wiiter.power.activity.MainActivity</cls>
        <pkg>com.wiite.power</pkg>
    </drawable>
</clockskin>
<!-- Created by WAHB { GWK } -->

