<clockskin>
    <drawable>
        <name>image1.png</name>
    </drawable>
    <drawable>
        <name>animated_image_1.xml</name>
        <framerate>15</framerate>
        <centerX>-1</centerX>
        <centerY>106</centerY>
    </drawable>
    <drawable>
        <name>image2.png</name>
    </drawable>
    <drawable>
        <name>digital1.xml</name>
        <arraytype>14</arraytype>
        <centerX>-2</centerX>
        <centerY>-171</centerY>
    </drawable>
    <drawable>
        <name>digital2.xml</name>
        <arraytype>6</arraytype>
        <centerX>1</centerX>
        <centerY>-20</centerY>
    </drawable>
    <drawable>
        <name>digital3.xml</name>
        <arraytype>9</arraytype>
        <centerX>1</centerX>
        <centerY>8</centerY>
    </drawable>
    <drawable>
        <name>digital4.xml</name>
        <arraytype>2</arraytype>
        <centerX>-878</centerX>
        <centerY>147</centerY>
    </drawable>
    <drawable>
        <name>digital4.xml</name>
        <arraytype>2</arraytype>
        <centerX>-494</centerX>
        <centerY>133</centerY>
    </drawable>
    <drawable>
        <name>digital4.xml</name>
        <arraytype>2</arraytype>
        <centerX>-108</centerX>
        <centerY>120</centerY>
    </drawable>
    <drawable>
        <name>digital4.xml</name>
        <arraytype>2</arraytype>
        <centerX>278</centerX>
        <centerY>107</centerY>
    </drawable>
    <drawable>
        <name>digital4.xml</name>
        <arraytype>2</arraytype>
        <centerX>663</centerX>
        <centerY>93</centerY>
    </drawable>
    <drawable>
        <name>digital5.xml</name>
        <arraytype>5</arraytype>
        <centerX>113</centerX>
        <centerY>120</centerY>
    </drawable>
    <drawable>
        <rotate>3</rotate>
        <mulrotate>1</mulrotate>
        <name>image3.png</name>
    </drawable>
</clockskin>
