<?xml version="1.0" encoding="utf-8"?>
<drawables>
     <image>animation_7_0.png</image>
     <image>animation_8_3.png</image>
     <image>animation_8_2.png</image>
     <image>animation_8_1.png</image>
     <image>animation_8_0.png</image>
     <image>animation_6_62.png</image>
     <image>animation_6_61.png</image>
     <image>animation_6_60.png</image>
     <image>animation_6_59.png</image>
     <image>animation_6_58.png</image>
     <image>animation_6_57.png</image>
     <image>animation_6_56.png</image>
     <image>animation_6_55.png</image>
     <image>animation_6_54.png</image>
     <image>animation_6_53.png</image>
     <image>animation_6_52.png</image>
     <image>animation_6_51.png</image>
     <image>animation_6_50.png</image>
     <image>animation_6_49.png</image>
     <image>animation_6_48.png</image>
     <image>animation_6_47.png</image>
     <image>animation_6_46.png</image>
     <image>animation_6_45.png</image>
     <image>animation_6_44.png</image>
     <image>animation_6_43.png</image>
     <image>animation_6_42.png</image>
     <image>animation_6_41.png</image>
     <image>animation_6_40.png</image>
     <image>animation_6_39.png</image>
     <image>animation_6_38.png</image>
     <image>animation_6_37.png</image>
     <image>animation_6_36.png</image>
     <image>animation_6_35.png</image>
     <image>animation_6_34.png</image>
     <image>animation_6_33.png</image>
     <image>animation_6_32.png</image>
     <image>animation_6_31.png</image>
     <image>animation_6_30.png</image>
     <image>animation_6_29.png</image>
     <image>animation_6_28.png</image>
     <image>animation_6_27.png</image>
     <image>animation_6_26.png</image>
     <image>animation_6_25.png</image>
     <image>animation_6_24.png</image>
     <image>animation_6_23.png</image>
     <image>animation_6_22.png</image>
     <image>animation_6_21.png</image>
     <image>animation_6_20.png</image>
     <image>animation_6_19.png</image>
     <image>animation_6_18.png</image>
     <image>animation_6_17.png</image>
     <image>animation_6_16.png</image>
     <image>animation_6_15.png</image>
     <image>animation_6_14.png</image>
     <image>animation_6_13.png</image>
     <image>animation_6_12.png</image>
     <image>animation_6_11.png</image>
     <image>animation_6_10.png</image>
     <image>animation_6_9.png</image>
     <image>animation_6_8.png</image>
     <image>animation_6_7.png</image>
     <image>animation_6_6.png</image>
     <image>animation_6_5.png</image>
     <image>animation_6_4.png</image>
     <image>animation_6_3.png</image>
     <image>animation_6_2.png</image>
     <image>animation_6_1.png</image>
     <image>animation_6_0.png</image>
     <image>animation_2_59.png</image>
</drawables>
