<clockskin>
    <drawable>
        <name>image1.png</name>
    </drawable>
    <drawable>
        <name>animated_image_1.xml</name>
        <framerate>0.01666666666667</framerate>
    </drawable>
    <drawable>
        <name repeat="3600000">animated_image_2.xml</name>
        <framerate>60.00000000000000</framerate>
    </drawable>
    <drawable>
        <name repeat="43200000">animated_image_3.xml</name>
        <framerate>0.01666666666667</framerate>
    </drawable>
    <drawable>
        <name repeat="43200000">animated_image_4.xml</name>
        <framerate>7.00000000000000</framerate>
    </drawable>
    <drawable>
        <name repeat="43200000">animated_image_5.xml</name>
        <animationStartDelay>-180000</animationStartDelay>
        <framerate>64.00000000000000</framerate>
    </drawable>
    <drawable>
        <name>animated_image_6.xml</name>
        <framerate>0.00145833333333</framerate>
    </drawable>
    <drawable>
        <name repeat="43200000">animated_image_7.xml</name>
        <framerate>0.01666666666667</framerate>
    </drawable>
    <drawable>
        <name repeat="43200000">animated_image_8.xml</name>
        <framerate>6.00000000000000</framerate>
    </drawable>
    <drawable>
        <name repeat="43200000">animated_image_9.xml</name>
        <animationStartDelay>-180000</animationStartDelay>
        <framerate>69.00000000000000</framerate>
    </drawable>
    <drawable>
        <name>image2.png</name>
    </drawable>
</clockskin>
