<clockskin>
    <drawable>
        <name>image1.png</name>
    </drawable>
    <drawable>
        <arraytype>99</arraytype>
        <centerX>0</centerX>
        <centerY>-145</centerY>
    </drawable>
    <drawable>
        <name>image2.png</name>
    </drawable>
    <drawable>
        <name>digital1.xml</name>
        <arraytype>6</arraytype>
        <centerX>95</centerX>
        <centerY>0</centerY>
    </drawable>
    <drawable>
        <name>digital2.xml</name>
        <arraytype>5</arraytype>
        <centerX>0</centerX>
        <centerY>100</centerY>
    </drawable>
    <drawable>
        <name>digital3.xml</name>
        <arraytype>3</arraytype>
        <centerX>0</centerX>
        <centerY>-110</centerY>
    </drawable>
    <drawable>
        <name>digital4.xml</name>
        <arraytype>12</arraytype>
        <centerX>20</centerX>
        <centerY>160</centerY>
    </drawable>
    <drawable>
        <name>digital5.xml</name>
        <arraytype>14</arraytype>
        <centerX>-10</centerX>
        <centerY>-168</centerY>
    </drawable>
    <drawable>
        <name>image3.png</name>
    </drawable>
	<drawable>
	<arraytype>100</arraytype>
	<centerX>-56</centerX>
	<centerY>-58</centerY>
	<range>20</range>
	<cls>com.meghraj.mediavoladd.MainActivity</cls>
	<pkg>com.meghraj.mediavoladd</pkg>
	</drawable>
	<drawable>
	<arraytype>100</arraytype>
	<centerX>-17</centerX>
	<centerY>-58</centerY>
	<range>20</range>
	<cls>com.meghraj.mediavollow.MainActivity</cls>
	<pkg>com.meghraj.mediavollow</pkg>
	</drawable>
	<drawable>
	<arraytype>100</arraytype>
	<centerX>-135</centerX>
	<centerY>-58</centerY>
	<range>30</range>
	<cls>com.meghraj.mediavoltoggle.MainActivity</cls>
	<pkg>com.meghraj.mediavoltoggle</pkg>
	</drawable>
	<drawable>
	<arraytype>100</arraytype>
	<centerX>-56</centerX>
	<centerY>-6</centerY>
	<range>20</range>
	<cls>com.meghraj.alarmvoladd.MainActivity</cls>
	<pkg>com.meghraj.alarmvoladd</pkg>
	</drawable>
	<drawable>
	<arraytype>100</arraytype>
	<centerX>-17</centerX>
	<centerY>-6</centerY>
	<range>20</range>
	<cls>com.meghraj.alarmvollow.MainActivity</cls>
	<pkg>com.meghraj.alarmvollow</pkg>
	</drawable>
	<drawable>
	<arraytype>100</arraytype>
	<centerX>-135</centerX>
	<centerY>-6</centerY>
	<range>30</range>
	<cls>com.meghraj.alarmvoltoggle.MainActivity</cls>
	<pkg>com.meghraj.alarmvoltoggle</pkg>
	</drawable>
	<drawable>
	<arraytype>100</arraytype>
	<centerX>-56</centerX>
	<centerY>43</centerY>
	<range>20</range>
	<cls>com.meghraj.ringvoladd.MainActivity</cls>
	<pkg>com.meghraj.ringvoladd</pkg>
	</drawable>
	<drawable>
	<arraytype>100</arraytype>
	<centerX>-17</centerX>
	<centerY>43</centerY>
	<range>20</range>
	<cls>com.meghraj.ringvollow.MainActivity</cls>
	<pkg>com.meghraj.ringvollow</pkg>
	</drawable>
	<drawable>
	<arraytype>100</arraytype>
	<centerX>-135</centerX>
	<centerY>43</centerY>
	<range>30</range>
	<cls>com.meghraj.ringvoltoggle.MainActivity</cls>
	<pkg>com.meghraj.ringvoltoggle</pkg>
	</drawable>
</clockskin>
