<clockskin>
    <drawable>
        <name>image1.png</name>
    </drawable>
    <drawable>
        <name>digital1.xml</name>
        <arraytype>6</arraytype>
        <centerX>0</centerX>
        <centerY>-14</centerY>
    </drawable>
    <drawable>
        <name>digital2.xml</name>
        <arraytype>2</arraytype>
        <centerX>0</centerX>
        <centerY>38</centerY>
    </drawable>
    <drawable>
        <name>digital3.xml</name>
        <arraytype>14</arraytype>
        <centerX>132</centerX>
        <centerY>38</centerY>
    </drawable>
    <drawable>
        <name>digital4.xml</name>
        <arraytype>5</arraytype>
        <centerX>-142</centerX>
        <centerY>38</centerY>
    </drawable>
</clockskin>
