<clockskin>
    <drawable>
        <name>image1.png</name>
    </drawable>
    <drawable>
        <name>numbers_shadow.png</name>
        <rotate>7</rotate>
        <mulrotate>1</mulrotate>
        <centerX>-919</centerX>
        <centerY>388</centerY>
    </drawable>
    <drawable>
        <name>image3.png</name>
    </drawable>
    <drawable>
        <name>digital1.xml</name>
        <arraytype>4</arraytype>
        <centerX>-356</centerX>
        <centerY>22</centerY>
    </drawable>
    <drawable>
        <name>digital1.xml</name>
        <arraytype>4</arraytype>
        <centerX>34</centerX>
        <centerY>27</centerY>
    </drawable>
    <drawable>
        <name>digital2.xml</name>
        <arraytype>3</arraytype>
        <centerX>-134</centerX>
        <centerY>13</centerY>
    </drawable>
    <drawable>
        <name>digital3.xml</name>
        <arraytype>14</arraytype>
    </drawable>
    <drawable>
        <name>numbers_black_clockwise.png</name>
        <rotate>7</rotate>
        <mulrotate>1</mulrotate>
        <centerX>-919</centerX>
        <centerY>388</centerY>
    </drawable>
</clockskin>
