<clockskin>
    <drawable>
        <name>image1.png</name>
    </drawable>
    <drawable>
        <rotate>3</rotate>
        <mulrotate>5</mulrotate>
        <centerX>-68</centerX>
        <centerY>55</centerY>
        <name>image2.png</name>
    </drawable>
    <drawable>
        <name>digital1.xml</name>
        <arraytype>6</arraytype>
        <centerX>111</centerX>
        <centerY>-27</centerY>
    </drawable>
    <drawable>
        <name>digital2.xml</name>
        <arraytype>6</arraytype>
        <centerX>34</centerX>
        <centerY>-27</centerY>
    </drawable>
    <drawable>
        <name>image3.png</name>
    </drawable>
    <drawable>
        <name>digital3.xml</name>
        <arraytype>6</arraytype>
        <centerX>-62</centerX>
        <centerY>-30</centerY>
    </drawable>
    <drawable>
        <name>image4.png</name>
    </drawable>
    <drawable>
        <name>digital4.xml</name>
        <arraytype>9</arraytype>
        <centerX>-78</centerX>
        <centerY>-98</centerY>
    </drawable>
    <drawable>
        <name>image5.png</name>
    </drawable>
    <drawable>
        <name>digital5.xml</name>
        <arraytype>14</arraytype>
        <centerX>-80</centerX>
        <centerY>128</centerY>
    </drawable>
    <drawable>
        <name>digital6.xml</name>
        <arraytype>2</arraytype>
        <centerX>-62</centerX>
        <centerY>3</centerY>
    </drawable>
    <drawable>
        <name>digital7.xml</name>
        <arraytype>14</arraytype>
        <centerX>-33</centerX>
        <centerY>-93</centerY>
    </drawable>
</clockskin>
