<clockskin>
    <drawable>
        <name>image1.png</name>
    </drawable>
    <drawable>
        <rotate>6</rotate>
        <mulrotate>1</mulrotate>
        <centerX>-80</centerX>
        <centerY>-45</centerY>
        <name>image2.png</name>
    </drawable>
    <drawable>
        <rotate>5</rotate>
        <mulrotate>1</mulrotate>
        <centerX>80</centerX>
        <centerY>-49</centerY>
        <name>image3.png</name>
    </drawable>
    <drawable>
        <rotate>3</rotate>
        <mulrotate>1</mulrotate>
        <centerX>0</centerX>
        <centerY>135</centerY>
        <name>image4.png</name>
    </drawable>
    <drawable>
        <name>image5.png</name>
    </drawable>
    <drawable>
        <name>digital1.xml</name>
        <arraytype>4</arraytype>
        <centerX>-67</centerX>
        <centerY>77</centerY>
    </drawable>
    <drawable>
        <name>digital1.xml</name>
        <arraytype>4</arraytype>
        <centerX>310</centerX>
        <centerY>64</centerY>
    </drawable>
    <drawable>
        <name>digital2.xml</name>
        <arraytype>3</arraytype>
        <centerX>-109</centerX>
        <centerY>109</centerY>
    </drawable>
    <drawable>
        <name>image6.png</name>
    </drawable>
    <drawable>
        <rotate>2</rotate>
        <mulrotate>1</mulrotate>
        <name>image7.png</name>
    </drawable>
    <drawable>
        <rotate>1</rotate>
        <mulrotate>1</mulrotate>
        <name>image8.png</name>
    </drawable>
    <drawable>
        <rotate>2</rotate>
        <mulrotate>1</mulrotate>
        <name>image9.png</name>
    </drawable>
    <drawable>
        <rotate>1</rotate>
        <mulrotate>1</mulrotate>
        <name>image10.png</name>
    </drawable>
</clockskin>
<!-- Created on WatchFace Designer 0.14.2 beta. -->
<!-- Exported for Universal Launcher -->
