<?xml version="1.0" encoding="utf-8"?>
<clockskin>
	<drawable>
		<name>grund.png</name>
	</drawable>
	<drawable>
		<name>bat.xml</name>
		<arraytype>14</arraytype>
		<centerX>200</centerX>
	</drawable>
	<drawable>
		<name>bat_f.xml</name>
		<arraytype>14</arraytype>
		<centerX>-200</centerX>
	</drawable>
	<drawable>
		<name>tks.png</name>
	</drawable>
	<drawable>
		<name>tks_bat.png</name>
	</drawable>
	<drawable>
		<name>akku_dot.png</name>
		<centerX>53</centerX>
		<centerY>53</centerY>
	</drawable>
	<drawable>
		<name>with.png</name>
	</drawable>
	<drawable>
		<name>act.png</name>
	</drawable>
	<drawable>
		<name>std_s.png</name>
		<rotate>1</rotate>
		<centerX>2</centerX>
		<centerY>2</centerY>
	</drawable>
	<drawable>
		<name>std.png</name>
		<rotate>1</rotate>
	</drawable>
	<drawable>
		<name>min_s.png</name>
		<rotate>2</rotate>
		<centerX>2</centerX>
		<centerY>2</centerY>
	</drawable>
	<drawable>
		<name>min.png</name>
		<rotate>2</rotate>
	</drawable>
	<drawable>
		<name>dot.png</name>
	</drawable>
	<drawable>
		<name>licht.png</name>
	</drawable>
<!--COMMENTED BY ClockSkinMaker
<metadata gui='rra' version='1.4.0.0'/>
-->
</clockskin>