<?xml version="1.0" encoding="utf-8"?>
<clockskin> 
        <drawable>
		<name>OUT.xml</name>
		<arraytype>80</arraytype>        
	</drawable> 
        <drawable>
                  <name>image1.png</name>
	</drawable>
	<drawable>
		<name>digital6.xml</name>
		<arraytype>10</arraytype>
		<centerX>-26</centerX>
		<centerY>-106</centerY>
	</drawable>
	<drawable>
		<name>mes.xml</name>
		<arraytype>3</arraytype>
		<centerX>62</centerX>
		<centerY>-2</centerY>
	</drawable>
	<drawable>
		<name>dan.xml</name>
		<arraytype>4</arraytype>
		<centerX>117</centerX>
	</drawable>
	<drawable>
		<name>kor_1.xml</name>
		<arraytype>12</arraytype>
		<centerY>100</centerY>
	</drawable>
	<drawable>
		<name>bat.xml</name>
		<arraytype>14</arraytype>
		<centerX>3</centerX>
		<centerY>60</centerY>
	</drawable>
	<drawable>
		<name>kor.xml</name>
		<arraytype>13</arraytype>
		<centerX>-73</centerX>
		<centerY>60</centerY>
	</drawable> 
       <drawable>
		<name>KM.xml</name>
		<arraytype>60</arraytype>
		<centerX>72</centerX>
		<centerY>60</centerY>
	</drawable>
	<drawable>
		<name>temp.xml</name>
		<arraytype>11</arraytype>
		<centerX>33</centerX>
		<centerY>-92</centerY>
	</drawable>
	<drawable>
		<name>image5.png</name>
		<rotate>1</rotate>
	</drawable>
	<drawable>
		<name>image10.png</name>
		<rotate>2</rotate>
	</drawable>
	<drawable>
		<name>image13.png</name>
		<rotate>3</rotate>
	</drawable>
<!--COMMENTED BY ClockSkinMaker
<metadata gui='rra' version='2.0.0.2'/>
-->
</clockskin>