<?xml version="1.0" encoding="utf-8"?>
<drawables>
	<image>mes_jan.png</image>
	<image>mes_feb.png</image>
	<image>mes_mar.png</image>
	<image>mes_apr.png</image>
	<image>mes_may.png</image>
	<image>mes_jun.png</image>
	<image>mes_jul.png</image>
	<image>mes_aug.png</image>
	<image>mes_sep.png</image>
	<image>mes_oct.png</image>
	<image>mes_nov.png</image>
	<image>mes_dec.png</image>
<!--COMMENTED BY ClockSkinMaker
<metadata gui='rra' version='2.0.0.2' type='array_month' forecolor='C0C0C0' autoscale='1' font='Montroc Condensed' fontstyle='Regular' fontsize='25,21614'>
<content>Jan</content>
<content>Feb</content>
<content>Mar</content>
<content>Apr</content>
<content>May</content>
<content>Jun</content>
<content>Jul</content>
<content>Aug</content>
<content>Sep</content>
<content>Oct</content>
<content>Nov</content>
<content>Dec</content>
</metadata>
-->
</drawables>