<clockskin>
    <drawable>
        <name>image1.png</name>
    </drawable>
    <drawable>
        <rotate>2</rotate>
        <direction>2</direction>
        <mulrotate>1</mulrotate>
        <centerX>0</centerX>
        <centerY>1</centerY>
        <name>image2.png</name>
    </drawable>
    <drawable>
        <name>image3.png</name>
    </drawable>
    <drawable>
        <name>digital1.xml</name>
        <arraytype>5</arraytype>
        <centerX>-1</centerX>
        <centerY>-104</centerY>
    </drawable>
    <drawable>
        <name>digital2.xml</name>
        <arraytype>4</arraytype>
        <centerX>37</centerX>
        <centerY>-99</centerY>
    </drawable>
    <drawable>
        <name>digital3.xml</name>
        <arraytype>3</arraytype>
        <centerX>-44</centerX>
        <centerY>-99</centerY>
    </drawable>
    <drawable>
        <name>digital4.xml</name>
        <arraytype>61</arraytype>
        <centerX>0</centerX>
        <centerY>119</centerY>
    </drawable>
    <drawable>
        <name>image4.png</name>
    </drawable>
    <drawable>
        <name>digital5.xml</name>
        <arraytype>5</arraytype>
        <centerX>0</centerX>
        <centerY>136</centerY>
    </drawable>
    <drawable>
        <name>digital6.xml</name>
        <arraytype>5</arraytype>
        <centerX>0</centerX>
        <centerY>136</centerY>
    </drawable>
    <drawable>
        <name>digital7.xml</name>
        <arraytype>5</arraytype>
        <centerX>38</centerX>
        <centerY>136</centerY>
    </drawable>
    <drawable>
        <name>digital8.xml</name>
        <arraytype>5</arraytype>
        <centerX>75</centerX>
        <centerY>136</centerY>
    </drawable>
    <drawable>
        <name>digital9.xml</name>
        <arraytype>5</arraytype>
        <centerX>-80</centerX>
        <centerY>136</centerY>
    </drawable>
    <drawable>
        <name>digital10.xml</name>
        <arraytype>5</arraytype>
        <centerX>-41</centerX>
        <centerY>136</centerY>
    </drawable>
    <drawable>
        <name>digital11.xml</name>
        <arraytype>5</arraytype>
        <centerX>-41</centerX>
        <centerY>136</centerY>
    </drawable>
    <drawable>
        <name>image5.png</name>
    </drawable>
    <drawable>
        <name>digital12.xml</name>
        <arraytype>7</arraytype>
        <centerX>-304</centerX>
        <centerY>-10</centerY>
    </drawable>
    <drawable>
        <name>digital12.xml</name>
        <arraytype>7</arraytype>
        <centerX>96</centerX>
        <centerY>11</centerY>
    </drawable>
    <drawable>
        <name>image6.png</name>
    </drawable>
    <drawable>
        <rotate>3</rotate>
        <direction>1</direction>
        <mulrotate>1</mulrotate>
        <name>image7.png</name>
    </drawable>
    <drawable>
        <rotate>10</rotate>
        <direction>1</direction>
        <mulrotate>1</mulrotate>
        <name>image8.png</name>
    </drawable>
</clockskin>
<!-- Created on WatchFace Designer 0.14.2 beta -->
<!-- Exported for Android 7.1+ Stock ClockSkin Engine -->
