<clockskin>
    <drawable>
        <name>image1.png</name>
    </drawable>
    <drawable>
        <rotate>3</rotate>
        <mulrotate>1</mulrotate>
        <name>image2.png</name>
    </drawable>
    <drawable>
        <name>image3.png</name>
    </drawable>
    <drawable>
        <rotate>7</rotate>
        <mulrotate>1</mulrotate>
        <name>image4.png</name>
    </drawable>
    <drawable>
        <rotate>2</rotate>
        <mulrotate>1</mulrotate>
        <name>image5.png</name>
    </drawable>
    <drawable>
        <rotate>7</rotate>
        <mulrotate>1</mulrotate>
        <name>image6.png</name>
    </drawable>
    <drawable>
        <name>image7.png</name>
    </drawable>
    <drawable>
        <name>digital1.xml</name>
        <arraytype>10</arraytype>
        <centerX>-72</centerX>
        <centerY>134</centerY>
    </drawable>
    <drawable>
        <name>image8.png</name>
    </drawable>
    <drawable>
        <name>digital2.xml</name>
        <arraytype>13</arraytype>
        <centerX>-72</centerX>
        <centerY>-120</centerY>
    </drawable>
    <drawable>
        <name>image9.png</name>
    </drawable>
    <drawable>
        <name>digital3.xml</name>
        <arraytype>14</arraytype>
        <centerX>-144</centerX>
        <centerY>-2</centerY>
    </drawable>
    <drawable>
        <name>image10.png</name>
    </drawable>
    <drawable>
        <name>digital4.xml</name>
        <arraytype>3</arraytype>
        <centerX>-55</centerX>
        <centerY>-63</centerY>
    </drawable>
    <drawable>
        <name>digital5.xml</name>
        <arraytype>6</arraytype>
        <centerX>-125</centerX>
        <centerY>-61</centerY>
    </drawable>
    <drawable>
        <name>digital6.xml</name>
        <arraytype>7</arraytype>
        <centerX>-93</centerX>
        <centerY>0</centerY>
    </drawable>
    <drawable>
        <name>digital7.xml</name>
        <arraytype>8</arraytype>
        <centerX>-12</centerX>
        <centerY>0</centerY>
    </drawable>
    <drawable>
        <name>digital8.xml</name>
        <arraytype>5</arraytype>
        <centerX>-90</centerX>
        <centerY>62</centerY>
    </drawable>
    <drawable>
        <name>digital9.xml</name>
        <arraytype>4</arraytype>
        <centerX>-16</centerX>
        <centerY>58</centerY>
    </drawable>
    <drawable>
        <name>image11.png</name>
    </drawable>
    <drawable>
	<arraytype>100</arraytype>
	<centerX>0</centerX>
	<centerY>181</centerY>
	<range>40</range>
	<cls>com.google.android.apps.googleassistant.AssistantActivity</cls>
	<pkg>com.google.android.apps.googleassistant</pkg>
    </drawable>
    <drawable>
     <arraytype>100</arraytype>
     <centerX>-181</centerX>
     <centerY>0</centerY>
     <range>40</range>
     <cls>com.android.dialer.DialtactsWearActivity</cls>
     <pkg>com.android.dialer</pkg>
    </drawable>
    <drawable>
	   <arraytype>100</arraytype>
	   <centerX>-153</centerX>
	   <centerY>-100</centerY>
	   <range>50</range>
	   <cls>com.android.mms.ui.BootActivity</cls>
	   <pkg>com.android.mms</pkg>
    </drawable>
    <drawable>
        <arraytype>100</arraytype>
        <centerX>0</centerX>
        <centerY>-181</centerY>
        <range>40</range>
    <cls>com.android.settings.Settings</cls>
    <pkg>com.android.settings</pkg>
    </drawable>
    <drawable>
	<arraytype>100</arraytype>
	<centerX>181</centerX>
	<centerY>0</centerY>
	<range>40</range>
	<cls>com.android.music.MusicBrowserActivity</cls>
	<pkg>com.android.music</pkg>
    </drawable>
    <drawable>
	<arraytype>100</arraytype>
	<centerX>-153</centerX>
	<centerY>100</centerY>
	<range>40</range>
	<cls>com.android.deskclock.DeskClock</cls>
	<pkg>com.android.deskclock</pkg>
    </drawable>
    <drawable>
        <arraytype>100</arraytype>
        <centerX>153</centerX>
        <centerY>100</centerY>
        <range>40</range>
        <cls>com.sprots.wiiteer.fitness.module.main.ui.MainActivity</cls>
        <pkg>com.sprots.wiiteer.fitness</pkg>
    </drawable>
    <drawable>
        <arraytype>100</arraytype>
        <centerX>153</centerX>
        <centerY>-100</centerY>
        <range>40</range>
        <cls>com.android.camera.CameraLauncher</cls>
        <pkg>com.mediatek.camera</pkg>
    </drawable>
    <drawable>
	<arraytype>100</arraytype>
	<centerX>-73</centerX>
	<centerY>134</centerY>
	<range>40</range>
	<cls>com.android.watchweather.WeatherActivity</cls>
	<pkg>com.android.watchweather</pkg>
    </drawable>
    <drawable>
	<arraytype>100</arraytype>
	<centerX>-73</centerX>
	<centerY>-134</centerY>
	<range>40</range>
	<cls>com.cenon.heartrate.HeartRateMonitorActivity</cls>
	<pkg>com.cenon.heartrate</pkg>
    </drawable>
</clockskin>
