<clockskin>
    <drawable>
        <name>image1.png</name>
    </drawable>
    <drawable>
        <name>digital1.xml</name>
        <arraytype>14</arraytype>
        <centerX>-301</centerX>
        <centerY>-81</centerY>
    </drawable>
    <drawable>
        <name>digital2.xml</name>
        <arraytype>14</arraytype>
        <centerX>99</centerX>
        <centerY>-81</centerY>
    </drawable>
    <drawable>
        <name>digital3.xml</name>
        <arraytype>14</arraytype>
        <centerX>499</centerX>
        <centerY>-81</centerY>
    </drawable>
    <drawable>
        <name>digital4.xml</name>
        <arraytype>12</arraytype>
        <centerX>-419</centerX>
        <centerY>-81</centerY>
    </drawable>
    <drawable>
        <name>digital5.xml</name>
        <arraytype>12</arraytype>
        <centerX>-19</centerX>
        <centerY>-81</centerY>
    </drawable>
    <drawable>
        <name>digital6.xml</name>
        <arraytype>12</arraytype>
        <centerX>381</centerX>
        <centerY>-81</centerY>
    </drawable>
    <drawable>
        <name>digital7.xml</name>
        <arraytype>9</arraytype>
        <centerX>-312</centerX>
        <centerY>-81</centerY>
    </drawable>
    <drawable>
        <name>digital8.xml</name>
        <arraytype>9</arraytype>
        <centerX>88</centerX>
        <centerY>-81</centerY>
    </drawable>
    <drawable>
        <name>image2.png</name>
    </drawable>
    <drawable>
        <name>digital9.xml</name>
        <arraytype>12</arraytype>
        <centerX>-19</centerX>
        <centerY>-81</centerY>
    </drawable>
    <drawable>
        <name>digital10.xml</name>
        <arraytype>13</arraytype>
        <centerX>-112</centerX>
        <centerY>-81</centerY>
    </drawable>
    <drawable>
        <name>image3.png</name>
    </drawable>
    <drawable>
        <name>digital11.xml</name>
        <arraytype>6</arraytype>
        <centerX>-17</centerX>
        <centerY>55</centerY>
    </drawable>
    <drawable>
        <name>digital12.xml</name>
        <arraytype>6</arraytype>
        <centerX>121</centerX>
        <centerY>36</centerY>
    </drawable>
    <drawable>
        <name>digital13.xml</name>
        <arraytype>9</arraytype>
        <centerX>153</centerX>
        <centerY>73</centerY>
    </drawable>
    <drawable>
        <name>digital14.xml</name>
        <arraytype>2</arraytype>
        <centerX>-47</centerX>
        <centerY>138</centerY>
    </drawable>
    <drawable>
        <name>digital15.xml</name>
        <arraytype>5</arraytype>
        <centerX>74</centerX>
        <centerY>138</centerY>
    </drawable>
    <drawable>
        <name>digital16.xml</name>
        <arraytype>5</arraytype>
        <centerX>-111</centerX>
        <centerY>-20</centerY>
    </drawable>
    <drawable>
        <name>digital17.xml</name>
        <arraytype>5</arraytype>
        <centerX>-113</centerX>
        <centerY>-140</centerY>
    </drawable>
    <drawable>
        <name>digital18.xml</name>
        <arraytype>5</arraytype>
        <centerX>-19</centerX>
        <centerY>-20</centerY>
    </drawable>
</clockskin>
