<?xml version="1.0" encoding="utf-8"?>
<clockskin>
	<drawable>
		<name>black-white-400.png</name>
	</drawable>
	<drawable>
		<name>digital1.xml</name>
		<arraytype>10</arraytype>
		<centerX>15</centerX>
		<centerY>-65</centerY>
	</drawable>
	<drawable>
		<name>digital10.xml</name>
		<arraytype>11</arraytype>
		<centerX>-133</centerX>
		<centerY>-104</centerY>
	</drawable>
	<drawable>
		<name>digital2.xml</name>
		<arraytype>19</arraytype>
		<centerX>-157</centerX>
		<centerY>-46</centerY>
	</drawable>
	<drawable>
		<name>battery5.png</name>
		<centerX>160</centerX>
		<centerY>23</centerY>
	</drawable>
	<drawable>
		<name>digital9.xml</name>
		<arraytype>14</arraytype>
		<centerX>125</centerX>
		<centerY>55</centerY>
	</drawable>
	<drawable>
		<name>step5.png</name>
		<centerX>-74</centerX>
		<centerY>55</centerY>
	</drawable>
	<drawable>
		<name>stepOO.xml</name>
		<arraytype>6</arraytype>
		<centerX>-75</centerX>
		<centerY>50</centerY>
	</drawable>
	<drawable>
		<name>digital7.xml</name>
		<arraytype>12</arraytype>
		<centerX>15</centerX>
		<centerY>50</centerY>
	</drawable>
	<drawable>
		<name>Hm.xml</name>
		<arraytype>6</arraytype>
		<centerY>103</centerY>
	</drawable>
	<drawable>
		<name>date.xml</name>
		<arraytype>1</arraytype>
		<centerY>141</centerY>
	</drawable>
	<drawable>
		<name>weekday.xml</name>
		<arraytype>5</arraytype>
		<centerY>169</centerY>
	</drawable>
	<drawable>
		<name>heart.xml</name>
		<arraytype>13</arraytype>
		<centerX>-145</centerX>
		<centerY>56</centerY>
	</drawable>
	<drawable>
		<name>digital12_18.png</name>
		<centerX>-168</centerX>
		<centerY>22</centerY>
	</drawable>
	<drawable>
		<name>HB.xml</name>
		<arraytype>6</arraytype>
		<centerX>-168</centerX>
		<centerY>22</centerY>
	</drawable>
<!--COMMENTED BY ClockSkinMaker
<metadata gui='rra' version='2.0.0.2'/>
-->
</clockskin>