<?xml version="1.0" encoding="utf-8"?>
<drawables>
	<image>weekday_sun.png</image>
	<image>weekday_mon.png</image>
	<image>weekday_tue.png</image>
	<image>weekday_wed.png</image>
	<image>weekday_thu.png</image>
	<image>weekday_fri.png</image>
	<image>weekday_sat.png</image>
<!--COMMENTED BY ClockSkinMaker
<metadata gui='rra' version='2.0.0.2' type='array_weekday' forecolor='FFFFFF' autoscale='1' font='Times New Roman' fontstyle='Regular' fontsize='21,52088'>
<content>Sunday</content>
<content>Monday</content>
<content>Tuesday</content>
<content>Wednesday</content>
<content>Thursday</content>
<content>Friday</content>
<content>Saturday</content>
</metadata>
-->
</drawables>