<clockskin>
    <drawable>
        <name>image1.png</name>
    </drawable>
    <drawable>
        <name>digital1.xml</name>
        <arraytype>6</arraytype>
        <centerX>-129</centerX>
        <centerY>-123</centerY>
    </drawable>
    <drawable>
        <name>digital2.xml</name>
        <arraytype>6</arraytype>
        <centerX>-129</centerX>
        <centerY>-33</centerY>
    </drawable>
    <drawable>
        <name>digital3.xml</name>
        <arraytype>6</arraytype>
        <centerX>-129</centerX>
        <centerY>56</centerY>
    </drawable>
    <drawable>
        <name>digital4.xml</name>
        <arraytype>6</arraytype>
        <centerX>-129</centerX>
        <centerY>-93</centerY>
    </drawable>
    <drawable>
        <name>digital5.xml</name>
        <arraytype>6</arraytype>
        <centerX>-129</centerX>
        <centerY>-5</centerY>
    </drawable>
    <drawable>
        <name>digital6.xml</name>
        <arraytype>6</arraytype>
        <centerX>-129</centerX>
        <centerY>82</centerY>
    </drawable>
    <drawable>
        <name>digital7.xml</name>
        <arraytype>6</arraytype>
        <centerX>-88</centerX>
        <centerY>-65</centerY>
    </drawable>
    <drawable>
        <name>digital8.xml</name>
        <arraytype>9</arraytype>
        <centerX>30</centerX>
        <centerY>-65</centerY>
    </drawable>
    <drawable>
        <name>digital9.xml</name>
        <arraytype>6</arraytype>
        <centerX>-79</centerX>
        <centerY>-123</centerY>
    </drawable>
    <drawable>
        <name>digital10.xml</name>
        <arraytype>6</arraytype>
        <centerX>-78</centerX>
        <centerY>-34</centerY>
    </drawable>
    <drawable>
        <name>digital11.xml</name>
        <arraytype>6</arraytype>
        <centerX>-79</centerX>
        <centerY>55</centerY>
    </drawable>
    <drawable>
        <name>digital12.xml</name>
        <arraytype>5</arraytype>
        <centerX>-83</centerX>
        <centerY>26</centerY>
    </drawable>
    <drawable>
        <name>digital13.xml</name>
        <arraytype>2</arraytype>
        <centerX>-9</centerX>
        <centerY>26</centerY>
    </drawable>
    <drawable>
        <name>digital14.xml</name>
        <arraytype>14</arraytype>
        <centerX>-115</centerX>
        <centerY>112</centerY>
    </drawable>
    <drawable>
        <name>image2.png</name>
    </drawable>
</clockskin>
