<clockskin>
    <drawable>
        <name>image1.png</name>
    </drawable>
    <drawable>
        <rotate>5</rotate>
        <direction>2</direction>
        <mulrotate>1</mulrotate>
        <centerX>-81</centerX>
        <centerY>82</centerY>
        <name>image2.png</name>
    </drawable>
    <drawable>
        <rotate>4</rotate>
        <direction>2</direction>
        <mulrotate>1</mulrotate>
        <centerX>87</centerX>
        <centerY>84</centerY>
        <name>image3.png</name>
    </drawable>
    <drawable>
        <name>image4.png</name>
    </drawable>
    <drawable>
        <rotate>11</rotate>
        <direction>1</direction>
        <mulrotate>1</mulrotate>
        <centerX>1</centerX>
        <centerY>-19</centerY>
        <name>image5.png</name>
    </drawable>
    <drawable>
        <name>image6.png</name>
    </drawable>
    <drawable>
        <rotate>1</rotate>
        <direction>1</direction>
        <mulrotate>1</mulrotate>
        <name>image7.png</name>
    </drawable>
    <drawable>
        <rotate>2</rotate>
        <direction>1</direction>
        <mulrotate>1</mulrotate>
        <name>image8.png</name>
    </drawable>
    <drawable>
        <rotate>13</rotate>
        <rotatemode>11</rotatemode>
        <startAngle>0</startAngle>
        <angle>157</angle>
        <direction>1</direction>
        <mulrotate>1</mulrotate>
        <centerX>2</centerX>
        <centerY>-6</centerY>
        <name>image9.png</name>
    </drawable>
    <drawable>
        <name>digital1.xml</name>
        <arraytype>4</arraytype>
        <centerX>162</centerX>
        <centerY>7</centerY>
    </drawable>
</clockskin>
<!-- Created on WatchFace Designer 0.14.2 beta -->
<!-- Exported for Android 7.1+ Stock ClockSkin Engine -->
