<clockskin>
    <drawable>
        <name>image1.png</name>
    </drawable>
    <drawable>
        <name>animated_image_1.xml</name>
		<arraytype>9</arraytype>
        <centerX>0</centerX>
        <centerY>-91</centerY>
    </drawable>
    <drawable>
        <name>animated_image_2.xml</name>
		<arraytype>9</arraytype>
    </drawable>
    <drawable>
        <name>digital1.xml</name>
        <arraytype>6</arraytype>
        <centerX>127</centerX>
        <centerY>34</centerY>
    </drawable>
    <drawable>
        <name>digital2.xml</name>
        <arraytype>2</arraytype>
        <centerX>-127</centerX>
        <centerY>34</centerY>
    </drawable>
</clockskin>
