<clockskin>
    <drawable>
        <name>image1.png</name>
    </drawable>
    <drawable>
        <rotate>7</rotate>
        <direction>2</direction>
        <mulrotate>-2</mulrotate>
        <centerX>-97</centerX>
        <centerY>-104</centerY>
        <name>image7.png</name>
    </drawable>
    <drawable>
        <name>empty.png</name>
        <rotate>7</rotate>
        <direction>2</direction>
        <mulrotate>-1</mulrotate>
    </drawable>
    <drawable>
        <rotate>7</rotate>
        <mulrotate>1</mulrotate>
        <centerX>-129</centerX>
        <centerY>0</centerY>
        <name>image3.png</name>
    </drawable> 
    <drawable>
        <name>digital1.xml</name>
        <arraytype>19</arraytype>
    </drawable>
    <drawable>
        <rotate>4</rotate>
        <direction>2</direction>
        <mulrotate>1</mulrotate>
        <centerX>-15</centerX>
        <centerY>136</centerY>
        <name>image2.png</name>
    </drawable>
    <drawable>
        <name>image4.png</name>
    </drawable> 
    <drawable>
        <name>digital4.xml</name>
        <arraytype>5</arraytype>
        <centerX>60</centerX>
        <centerY>-175</centerY>
    </drawable>
    <drawable>
        <name>digital5.xml</name>
        <arraytype>3</arraytype>
        <centerX>83</centerX>
        <centerY>-138</centerY>
    </drawable>
    <drawable>
        <name>digital6.xml</name>
        <arraytype>16</arraytype>
        <centerX>-538</centerX>
        <centerY>-80</centerY>
    </drawable>
    <drawable>
        <rotate>20</rotate>
        <mulrotate>1</mulrotate>
        <centerX>133</centerX>
        <centerY>1</centerY>
        <name>image5.png</name>
    </drawable>
    <drawable>
        <rotate>20</rotate>
        <mulrotate>1</mulrotate>
        <centerX>130</centerX>
        <centerY>-2</centerY>
        <name>image6.png</name>
    </drawable>
    <drawable>
        <name>animated_image_1.xml</name>
        <referenceTime month="1" day="1" />
        <framerate>0.00001157407407</framerate>
    </drawable> 
    <drawable>
        <rotate>1</rotate>
        <mulrotate>1</mulrotate>
        <centerX>4</centerX>
        <centerY>4</centerY>
        <name>image9.png</name>
    </drawable>
    <drawable>
        <rotate>1</rotate>
        <mulrotate>1</mulrotate>
        <name>image10.png</name>
    </drawable>
    <drawable>
        <name>animated_image_3.xml</name>
        <referenceTime month="1" day="1" />
        <framerate>0.00001157407407</framerate>
        <centerX>4</centerX>
        <centerY>4</centerY>
        <rotate>2</rotate>
        <mulrotate>1</mulrotate>
    </drawable>
   <drawable>
        <name>animated_image_2.xml</name>
        <referenceTime month="1" day="1" />
        <framerate>0.00001157407407</framerate>
        <rotate>2</rotate>
        <mulrotate>1</mulrotate>
    </drawable>
    <drawable>
        <rotate>2</rotate>
        <mulrotate>1</mulrotate>
        <centerX>4</centerX>
        <centerY>4</centerY>
        <name>image13.png</name>
    </drawable>
    <drawable>
        <rotate>2</rotate>
        <mulrotate>1</mulrotate>
        <name>image14.png</name>
    </drawable>    
</clockskin>
