<clockskin>
    <drawable>
        <name>image1.png</name>
    </drawable>
    <drawable>
        <name>digital1.xml</name>
        <arraytype>12</arraytype>
        <centerX>10</centerX>
        <centerY>-133</centerY>
    </drawable>
    <drawable>
        <name>digital2.xml</name>
        <arraytype>13</arraytype>
        <centerX>1</centerX>
        <centerY>129</centerY>
    </drawable>
    <drawable>
        <name>digital3.xml</name>
        <arraytype>14</arraytype>
        <centerX>9</centerX>
        <centerY>-80</centerY>
    </drawable>
    <drawable>
        <name>digital4.xml</name>
        <arraytype>14</arraytype>
        <centerX>409</centerX>
        <centerY>-80</centerY>
    </drawable>
    <drawable>
        <name>digital5.xml</name>
        <arraytype>14</arraytype>
        <centerX>809</centerX>
        <centerY>-80</centerY>
    </drawable>
    <drawable>
        <name>digital6.xml</name>
        <arraytype>14</arraytype>
        <centerX>7</centerX>
        <centerY>-62</centerY>
    </drawable>
    <drawable>
        <name>digital7.xml</name>
        <arraytype>6</arraytype>
        <centerX>-73</centerX>
        <centerY>-13</centerY>
    </drawable>
    <drawable>
        <name>digital8.xml</name>
        <arraytype>9</arraytype>
        <centerX>27</centerX>
        <centerY>-6</centerY>
    </drawable>
    <drawable>
        <name>digital9.xml</name>
        <arraytype>2</arraytype>
        <centerX>-109</centerX>
        <centerY>28</centerY>
    </drawable>
    <drawable>
        <name>digital10.xml</name>
        <arraytype>5</arraytype>
        <centerX>-13</centerX>
        <centerY>49</centerY>
    </drawable>
    <drawable>
        <name>digital11.xml</name>
        <arraytype>10</arraytype>
        <centerX>140</centerX>
        <centerY>32</centerY>
    </drawable>
    <drawable>
        <name>digital12.xml</name>
        <arraytype>11</arraytype>
        <centerX>129</centerX>
        <centerY>71</centerY>
    </drawable>
    <drawable>
        <name>digital13.xml</name>
        <arraytype>19</arraytype>
        <centerX>86</centerX>
        <centerY>67</centerY>
    </drawable>
</clockskin>
<!-- Created on WatchFace Designer 0.14.2 beta -->
<!-- Exported for Android 7.1+ Stock ClockSkin Engine -->
