<?xml version="1.0" encoding="utf-8"?>
<clockskin>
	<drawable>
		<name>Background.png</name>
	</drawable>
	<drawable>
		<name>Background_discharge2.png</name>
		<rotate>3</rotate>
		<direction>1</direction>
		<mulrotate>20</mulrotate>
	</drawable>
	<drawable>
		<arraytype>99</arraytype>
		<centerX>4</centerX>
		<centerY>115</centerY>
	</drawable>
	<drawable>
		<name>concept_evolution+.png</name>
	</drawable>
	<drawable>
		<name>steps.png</name>
		<centerX>-99</centerX>
		<centerY>-82</centerY>
	</drawable>
	<drawable>
		<name>steps_array.xml</name>
		<arraytype>12</arraytype>
		<centerX>41</centerX>
		<centerY>-75</centerY>
	</drawable>
	<drawable>
		<name>temperature_array.xml</name>
		<arraytype>11</arraytype>
		<centerX>-48</centerX>
		<centerY>-132</centerY>
	</drawable>
	<drawable>
		<name>Weather.xml</name>
		<arraytype>10</arraytype>
		<centerX>50</centerX>
		<centerY>-130</centerY>
	</drawable>
	<drawable>
		<name>day_array.xml</name>
		<arraytype>4</arraytype>
		<centerX>-121</centerX>
		<centerY>83</centerY>
	</drawable>
	<drawable>
		<name>hand_bat_1.png</name>
		<rotate>6</rotate>
		<angle>-25</angle>
		<startAngle>50</startAngle>
		<direction>2</direction>
	</drawable>
	<drawable>
		<name>Mask.png</name>
	</drawable>
	<drawable>
		<name>Dayw.xml</name>
		<arraytype>5</arraytype>
		<centerY>36</centerY>
	</drawable>
	<drawable>
		<name>hour_minute_array_1.xml</name>
		<arraytype>6</arraytype>
		<centerX>-6</centerX>
		<centerY>-15</centerY>
	</drawable>
<!--COMMENTED BY ClockSkinMaker
<metadata gui='rra' version='1.6.0.0'/>
-->
</clockskin>