<?xml version="1.0" encoding="utf-8"?>
<clockskin>
	<drawable>
		<name>Background.png</name>
	</drawable>
	<drawable>
		<name>Background_discharge2.png</name>
		<rotate>3</rotate>
		<direction>1</direction>
		<mulrotate>20</mulrotate>
	</drawable>
	<drawable>
		<arraytype>99</arraytype>
		<centerX>4</centerX>
		<centerY>130</centerY>
	</drawable>
	<drawable>
		<name>concept_evolution+2.png</name>
	</drawable>
	<drawable>
		<name>hand_bat_1.png</name>
		<rotate>6</rotate>
		<angle>-25</angle>
		<startAngle>55</startAngle>
		<direction>2</direction>
	</drawable>
	<drawable>
		<name>Mask3.png</name>
	</drawable>
	<drawable>
		<name>temperature_array.xml</name>
		<arraytype>11</arraytype>
		<centerX>76</centerX>
		<centerY>-117</centerY>
	</drawable>
	<drawable>
		<name>Weather.xml</name>
		<arraytype>10</arraytype>
		<centerX>-55</centerX>
		<centerY>-122</centerY>
	</drawable>
	<drawable>
		<name>day_array.xml</name>
		<arraytype>4</arraytype>
		<centerX>-138</centerX>
		<centerY>93</centerY>
	</drawable>
	<drawable>
		<name>Dayw.xml</name>
		<arraytype>5</arraytype>
		<centerY>41</centerY>
	</drawable>
	<drawable>
		<name>hour_minute_array_1.xml</name>
		<arraytype>6</arraytype>
		<centerY>-15</centerY>
	</drawable>
<!--COMMENTED BY ClockSkinMaker
<metadata gui='rra' version='1.6.0.0'/>
-->
</clockskin>