<?xml version="1.0" encoding="utf-8"?>
<drawables>
	<image>Weather_0.png</image>
	<image>Weather_1.png</image>
	<image>Weather_2.png</image>
	<image>Weather_3.png</image>
	<image>Weather_4.png</image>
	<image>Weather_5.png</image>
	<image>Weather_6.png</image>
	<image>Weather_7.png</image>
	<image>Weather_8.png</image>
	<image>Weather_9.png</image>
	<image>Weather_10.png</image>
	<image>Weather_11.png</image>
	<image>Weather_12.png</image>
	<image>Weather_13.png</image>
	<image>Weather_14.png</image>
</drawables>