<clockskin>
    <drawable>
        <name>image1.png</name>
    </drawable>
    <drawable>
        <name>digital1.xml</name>
        <arraytype>14</arraytype>
        <centerX>-95</centerX>
        <centerY>-65</centerY>
    </drawable>
    <drawable>
        <name>digital2.xml</name>
        <arraytype>5</arraytype>
        <centerX>84</centerX>
        <centerY>-65</centerY>
    </drawable>
    <drawable>
        <name>digital3.xml</name>
        <arraytype>4</arraytype>
        <centerX>85</centerX>
        <centerY>67</centerY>
    </drawable>
    <drawable>
        <name>digital4.xml</name>
        <arraytype>3</arraytype>
        <centerX>-78</centerX>
        <centerY>67</centerY>
    </drawable>
    <drawable>
        <name>image2.png</name>
    </drawable>
    <drawable>
        <rotate>3</rotate>
        <mulrotate>1</mulrotate>
        <name>image3.png</name>
    </drawable>
    <drawable>
        <rotate>2</rotate>
        <mulrotate>1</mulrotate>
        <name>image4.png</name>
    </drawable>
    <drawable>
        <rotate>1</rotate>
        <mulrotate>1</mulrotate>
        <name>image5.png</name>
    </drawable>
</clockskin>
