<?xml version="1.0" encoding="utf-8"?>
<drawables>
	<image>array_yearmonthday_num_0.png</image>
	<image>array_yearmonthday_num_1.png</image>
	<image>array_yearmonthday_num_2.png</image>
	<image>array_yearmonthday_num_3.png</image>
	<image>array_yearmonthday_num_4.png</image>
	<image>array_yearmonthday_num_5.png</image>
	<image>array_yearmonthday_num_6.png</image>
	<image>array_yearmonthday_num_7.png</image>
	<image>array_yearmonthday_num_8.png</image>
	<image>array_yearmonthday_num_9.png</image>
	<image>array_yearmonthday_num_colon.png</image>
<!--COMMENTED BY ClockSkinMaker
<metadata gui='rra' version='2.0.0.2' type='array_yearmonthday' autoscale='1' font='Core Sans D 27 Cn Light' fontstyle='Regular' fontsize='25.2809'>
<content forecolor='858585'>0</content>
<content forecolor='858585'>1</content>
<content forecolor='858585'>2</content>
<content forecolor='858585'>3</content>
<content forecolor='858585'>4</content>
<content forecolor='858585'>5</content>
<content forecolor='858585'>6</content>
<content forecolor='858585'>7</content>
<content forecolor='858585'>8</content>
<content forecolor='858585'>9</content>
<content forecolor='000000'></content>
</metadata>
-->
</drawables>