<?xml version="1.0" encoding="utf-8"?>
<clockskin>
	<drawable>
		<name>watch_dial3.png</name>
	</drawable>
	<drawable>
		<name>clock_skin_second.png</name>
		<rotate>3</rotate>
	</drawable>
	<drawable>
		<name>array_yearmonthday.xml</name>
		<arraytype>1</arraytype>
		<centerX>-77</centerX>
		<centerY>-1</centerY>
	</drawable>
	<drawable>
		<name>array_temprature.xml</name>
		<arraytype>11</arraytype>
		<centerX>21</centerX>
		<centerY>48</centerY>
	</drawable>
	<drawable>
		<name>array_battery_level.xml</name>
		<arraytype>14</arraytype>
		<centerX>-14</centerX>
		<centerY>71</centerY>
	</drawable>
	<drawable>
		<name>array_minute.xml</name>
		<arraytype>8</arraytype>
		<centerX>3</centerX>
		<centerY>-45</centerY>
	</drawable>
	<drawable>
		<name>array_hour.xml</name>
		<arraytype>7</arraytype>
		<centerX>-94</centerX>
		<centerY>-46</centerY>
	</drawable>
	<drawable>
		<name>array_second.xml</name>
		<arraytype>9</arraytype>
		<centerX>97</centerX>
		<centerY>-45</centerY>
	</drawable>
<!--COMMENTED BY ClockSkinMaker
<metadata gui='rra' version='2.0.0.2'/>
-->
</clockskin>