<clockskin>
    <drawable>
        <name>image1.png</name>
    </drawable>
    <drawable>
        <rotate>2</rotate>
        <mulrotate>-3</mulrotate>
        <centerX>0</centerX>
        <centerY>190</centerY>
        <name>image2.png</name>
    </drawable>
    <drawable>
        <rotate>1</rotate>
        <mulrotate>-3</mulrotate>
        <centerX>3</centerX>
        <centerY>-192</centerY>
        <name>image3.png</name>
    </drawable>
    <drawable>
        <name>image4.png</name>
    </drawable>
    <drawable>
        <name>digital1.xml</name>
        <arraytype>2</arraytype>
        <centerX>-142</centerX>
        <centerY>2</centerY>
    </drawable>
    <drawable>
        <name>digital2.xml</name>
        <arraytype>14</arraytype>
        <centerX>115</centerX>
        <centerY>2</centerY>
    </drawable>
    <drawable>
        <name>image5.png</name>
    </drawable>
</clockskin>
